return_id,order_id,product_id,return_date,reason
1,3,297,2023-08-18,Customer Changed Mind
2,11,483,2024-09-05,Damaged
3,19,483,2025-07-18,Customer Changed Mind
4,31,189,2025-08-28,Wrong Item
5,38,440,2024-02-29,Damaged
6,47,65,2024-08-20,Customer Changed Mind
7,72,52,2025-03-13,Customer Changed Mind
8,88,207,2023-07-11,Customer Changed Mind
9,93,54,2023-02-22,Damaged
10,111,253,2023-07-24,Damaged
11,117,21,2023-12-25,Damaged
12,123,417,2024-05-06,Wrong Item
13,144,173,2025-02-16,Customer Changed Mind
14,155,438,2024-08-16,Quality Issue
15,160,87,2023-02-27,Damaged
16,164,453,2025-07-01,Damaged
17,169,147,2024-06-30,Quality Issue
18,179,24,2025-08-26,Customer Changed Mind
19,183,429,2025-06-08,Damaged
20,208,490,2023-10-02,Customer Changed Mind
21,221,475,2024-04-19,Quality Issue
22,233,70,2024-11-02,Damaged
23,235,90,2023-06-24,Damaged
24,257,320,2024-01-26,Customer Changed Mind
25,266,147,2024-12-30,Wrong Item
26,274,136,2023-10-16,Quality Issue
27,276,93,2024-12-31,Customer Changed Mind
28,278,229,2025-07-19,Damaged
29,284,191,2024-04-29,Customer Changed Mind
30,286,122,2024-07-04,Wrong Item
31,316,392,2023-06-03,Customer Changed Mind
32,324,224,2025-05-23,Quality Issue
33,326,402,2023-04-11,Damaged
34,353,99,2025-09-14,Quality Issue
35,359,96,2025-03-14,Customer Changed Mind
36,371,475,2025-05-17,Quality Issue
37,378,434,2024-07-06,Damaged
38,380,116,2024-01-29,Quality Issue
39,383,266,2025-03-04,Damaged
40,393,446,2023-12-09,Customer Changed Mind
41,417,176,2025-09-26,Damaged
42,420,371,2025-01-11,Damaged
43,444,95,2024-11-29,Wrong Item
44,456,415,2024-02-14,Late Delivery
45,463,453,2024-09-06,Wrong Item
46,465,177,2023-09-11,Customer Changed Mind
47,477,131,2025-06-13,Quality Issue
48,492,245,2025-12-19,Quality Issue
49,495,24,2025-09-14,Damaged
50,500,259,2023-03-08,Wrong Item
51,515,57,2024-04-13,Quality Issue
52,530,350,2024-07-15,Damaged
53,539,435,2023-09-19,Customer Changed Mind
54,542,408,2025-10-27,Late Delivery
55,565,229,2023-04-29,Quality Issue
56,581,342,2025-04-11,Damaged
57,581,191,2025-03-30,Damaged
58,583,20,2024-10-01,Wrong Item
59,595,69,2025-02-01,Late Delivery
60,602,382,2025-11-20,Damaged
61,607,231,2025-03-29,Customer Changed Mind
62,621,413,2025-10-29,Quality Issue
63,628,87,2023-06-26,Quality Issue
64,628,84,2023-07-11,Damaged
65,641,289,2025-03-12,Damaged
66,656,275,2024-09-10,Customer Changed Mind
67,659,279,2024-10-01,Quality Issue
68,662,489,2025-03-09,Late Delivery
69,696,363,2023-05-23,Customer Changed Mind
70,697,387,2025-12-03,Quality Issue
71,700,118,2023-08-10,Late Delivery
72,732,341,2024-07-29,Customer Changed Mind
73,751,128,2025-10-27,Customer Changed Mind
74,777,121,2024-09-18,Quality Issue
75,786,312,2024-11-26,Damaged
76,820,16,2025-04-12,Late Delivery
77,822,148,2023-09-06,Customer Changed Mind
78,842,175,2023-07-05,Damaged
79,850,12,2023-03-06,Late Delivery
80,882,422,2026-01-09,Wrong Item
81,884,499,2025-05-13,Customer Changed Mind
82,896,215,2023-05-18,Customer Changed Mind
83,916,371,2023-08-03,Wrong Item
84,917,424,2025-09-02,Wrong Item
85,932,182,2024-10-22,Damaged
86,936,113,2025-07-16,Customer Changed Mind
87,941,9,2023-08-08,Customer Changed Mind
88,945,2,2024-08-08,Quality Issue
89,950,103,2025-04-26,Customer Changed Mind
90,962,319,2024-01-08,Late Delivery
91,967,400,2023-12-21,Customer Changed Mind
92,1015,146,2025-06-12,Customer Changed Mind
93,1023,408,2023-02-16,Damaged
94,1036,364,2025-06-13,Quality Issue
95,1042,365,2025-05-03,Quality Issue
96,1043,28,2025-10-12,Quality Issue
97,1051,188,2024-06-28,Quality Issue
98,1054,50,2023-03-13,Damaged
99,1062,205,2023-11-06,Customer Changed Mind
100,1078,274,2024-10-06,Wrong Item
101,1091,290,2025-12-25,Late Delivery
102,1095,444,2023-05-20,Customer Changed Mind
103,1110,220,2024-09-02,Damaged
104,1123,27,2024-09-30,Customer Changed Mind
105,1131,321,2025-10-06,Quality Issue
106,1132,115,2023-04-12,Customer Changed Mind
107,1146,34,2023-11-17,Customer Changed Mind
108,1153,185,2024-04-15,Damaged
109,1174,103,2025-01-29,Wrong Item
110,1177,479,2025-03-31,Wrong Item
111,1179,181,2023-03-17,Customer Changed Mind
112,1211,238,2024-11-04,Damaged
113,1216,347,2025-11-19,Damaged
114,1221,290,2025-10-16,Quality Issue
115,1235,28,2023-02-15,Late Delivery
116,1260,239,2025-08-25,Customer Changed Mind
117,1273,161,2025-04-28,Quality Issue
118,1281,411,2023-04-07,Damaged
119,1283,327,2023-04-15,Damaged
120,1288,258,2023-09-27,Damaged
121,1297,47,2023-07-12,Quality Issue
122,1311,332,2025-07-12,Customer Changed Mind
123,1319,224,2024-09-14,Customer Changed Mind
124,1322,256,2023-09-17,Wrong Item
125,1365,484,2024-12-13,Customer Changed Mind
126,1369,288,2024-10-09,Damaged
127,1371,107,2023-05-06,Customer Changed Mind
128,1376,413,2024-06-14,Customer Changed Mind
129,1392,458,2023-06-16,Wrong Item
130,1394,363,2024-07-17,Customer Changed Mind
131,1397,434,2024-06-02,Damaged
132,1410,354,2023-07-29,Wrong Item
133,1419,77,2025-09-12,Wrong Item
134,1439,49,2024-10-31,Wrong Item
135,1440,444,2023-03-12,Quality Issue
136,1446,343,2024-08-23,Customer Changed Mind
137,1455,489,2024-08-16,Quality Issue
138,1466,112,2025-02-25,Wrong Item
139,1472,416,2025-12-13,Damaged
140,1477,283,2023-05-16,Late Delivery
141,1477,4,2023-05-27,Customer Changed Mind
142,1484,280,2023-08-15,Damaged
143,1486,58,2023-09-05,Damaged
144,1488,73,2025-06-24,Customer Changed Mind
145,1490,166,2024-08-22,Customer Changed Mind
146,1492,50,2025-09-08,Quality Issue
147,1516,310,2025-03-28,Damaged
148,1530,179,2024-07-31,Damaged
149,1545,41,2024-03-18,Customer Changed Mind
150,1564,482,2023-07-09,Customer Changed Mind
151,1577,489,2024-01-13,Wrong Item
152,1588,23,2025-08-26,Quality Issue
153,1593,132,2023-04-15,Damaged
154,1636,338,2024-11-28,Customer Changed Mind
155,1642,416,2023-08-19,Customer Changed Mind
156,1642,380,2023-08-17,Late Delivery
157,1649,276,2023-04-11,Wrong Item
158,1663,367,2023-02-01,Wrong Item
159,1692,387,2025-04-23,Damaged
160,1695,153,2024-11-15,Late Delivery
161,1696,106,2024-06-11,Late Delivery
162,1718,70,2025-01-11,Quality Issue
163,1730,216,2024-06-05,Customer Changed Mind
164,1732,411,2024-09-15,Quality Issue
165,1735,137,2023-02-28,Damaged
166,1737,464,2024-03-31,Quality Issue
167,1738,93,2023-05-07,Quality Issue
168,1739,366,2024-02-29,Customer Changed Mind
169,1750,210,2024-07-29,Late Delivery
170,1762,218,2023-12-19,Wrong Item
171,1765,293,2023-06-14,Customer Changed Mind
172,1799,115,2025-02-26,Customer Changed Mind
173,1805,44,2025-01-11,Late Delivery
174,1806,401,2025-07-29,Damaged
175,1814,441,2023-06-04,Late Delivery
176,1831,8,2023-03-23,Late Delivery
177,1838,21,2025-01-10,Customer Changed Mind
178,1846,141,2025-11-24,Quality Issue
179,1851,38,2025-12-25,Customer Changed Mind
180,1851,91,2025-12-21,Damaged
181,1865,428,2024-08-02,Quality Issue
182,1874,263,2024-10-16,Damaged
183,1876,245,2024-01-16,Quality Issue
184,1893,80,2025-01-11,Quality Issue
185,1931,498,2023-03-24,Customer Changed Mind
186,1934,179,2023-03-05,Quality Issue
187,1959,257,2024-09-23,Customer Changed Mind
188,1961,54,2025-03-08,Damaged
189,1984,321,2024-11-10,Quality Issue
190,1985,61,2025-04-06,Late Delivery
191,1997,228,2025-04-27,Late Delivery
192,1999,13,2023-10-29,Damaged
193,2006,7,2025-10-28,Customer Changed Mind
194,2019,8,2024-03-10,Damaged
195,2020,219,2023-05-16,Wrong Item
196,2034,120,2024-08-19,Late Delivery
197,2037,407,2024-02-01,Quality Issue
198,2041,264,2024-12-05,Quality Issue
199,2051,470,2023-09-16,Damaged
200,2063,230,2025-10-12,Customer Changed Mind
201,2070,330,2024-09-10,Customer Changed Mind
202,2081,225,2024-05-07,Late Delivery
203,2102,25,2023-02-10,Quality Issue
204,2103,366,2023-05-06,Wrong Item
205,2106,171,2025-07-20,Quality Issue
206,2109,129,2024-08-14,Late Delivery
207,2139,164,2023-04-03,Customer Changed Mind
208,2157,396,2025-07-05,Quality Issue
209,2163,232,2026-01-03,Quality Issue
210,2176,39,2024-11-18,Wrong Item
211,2199,16,2024-09-09,Late Delivery
212,2213,239,2024-04-26,Customer Changed Mind
213,2217,373,2024-07-15,Quality Issue
214,2224,291,2024-03-15,Quality Issue
215,2234,336,2024-11-18,Quality Issue
216,2298,329,2025-08-24,Damaged
217,2310,36,2025-08-05,Customer Changed Mind
218,2338,440,2024-07-05,Late Delivery
219,2347,309,2023-12-08,Wrong Item
220,2359,301,2024-09-23,Quality Issue
221,2384,426,2025-12-02,Quality Issue
222,2405,380,2025-01-29,Wrong Item
223,2417,440,2023-02-26,Quality Issue
224,2451,358,2024-03-26,Damaged
225,2470,399,2024-08-17,Late Delivery
226,2479,252,2024-12-26,Customer Changed Mind
227,2482,255,2025-11-22,Damaged
228,2486,183,2025-03-30,Quality Issue
229,2489,231,2023-07-25,Customer Changed Mind
230,2491,225,2025-08-02,Damaged
231,2504,422,2023-10-12,Wrong Item
232,2504,320,2023-10-14,Wrong Item
233,2511,119,2023-10-31,Late Delivery
234,2515,152,2025-11-11,Customer Changed Mind
235,2539,337,2023-03-16,Wrong Item
236,2544,269,2024-10-11,Wrong Item
237,2550,290,2023-07-07,Damaged
238,2556,460,2023-08-22,Wrong Item
239,2556,332,2023-09-02,Quality Issue
240,2559,404,2025-04-08,Wrong Item
241,2562,191,2025-01-24,Customer Changed Mind
242,2605,345,2024-11-28,Damaged
243,2606,84,2025-04-08,Wrong Item
244,2608,189,2023-08-15,Customer Changed Mind
245,2616,398,2025-03-29,Customer Changed Mind
246,2619,494,2025-08-21,Quality Issue
247,2632,378,2025-01-18,Quality Issue
248,2637,326,2025-09-28,Wrong Item
249,2650,309,2026-01-04,Quality Issue
250,2651,398,2023-09-24,Quality Issue
251,2660,135,2025-10-12,Quality Issue
252,2660,401,2025-10-26,Quality Issue
253,2670,472,2025-12-22,Wrong Item
254,2690,323,2024-04-08,Late Delivery
255,2696,444,2024-06-13,Quality Issue
256,2697,195,2023-04-22,Customer Changed Mind
257,2705,102,2024-06-01,Late Delivery
258,2706,176,2025-10-10,Late Delivery
259,2707,295,2023-08-14,Late Delivery
260,2710,67,2023-03-01,Damaged
261,2712,300,2025-06-13,Damaged
262,2720,72,2024-10-10,Wrong Item
263,2736,424,2023-11-28,Quality Issue
264,2744,493,2023-01-24,Damaged
265,2744,259,2023-01-16,Quality Issue
266,2757,468,2024-03-26,Late Delivery
267,2779,14,2025-07-03,Customer Changed Mind
268,2786,367,2025-05-22,Customer Changed Mind
269,2796,387,2024-09-25,Wrong Item
270,2801,385,2023-10-13,Quality Issue
271,2811,311,2024-01-08,Damaged
272,2819,229,2025-05-16,Quality Issue
273,2827,103,2023-08-11,Quality Issue
274,2827,273,2023-07-31,Damaged
275,2828,23,2024-09-17,Damaged
276,2830,19,2024-10-01,Wrong Item
277,2831,322,2025-10-01,Late Delivery
278,2839,446,2024-03-09,Damaged
279,2849,47,2024-07-12,Customer Changed Mind
280,2867,441,2025-08-20,Quality Issue
281,2874,42,2024-10-22,Damaged
282,2875,320,2024-04-13,Late Delivery
283,2878,219,2023-10-22,Quality Issue
284,2882,23,2024-10-15,Wrong Item
285,2890,202,2024-06-07,Damaged
286,2898,306,2023-05-17,Wrong Item
287,2900,462,2025-04-24,Damaged
288,2916,256,2024-04-27,Customer Changed Mind
289,2921,387,2024-09-14,Late Delivery
290,2926,12,2024-01-22,Late Delivery
291,2945,162,2024-04-15,Wrong Item
292,2946,262,2023-07-29,Customer Changed Mind
293,2953,421,2023-11-10,Damaged
294,2972,306,2024-07-23,Quality Issue
295,2994,52,2024-04-17,Wrong Item
296,3009,66,2025-09-19,Customer Changed Mind
297,3022,66,2024-07-03,Customer Changed Mind
298,3037,170,2025-07-29,Quality Issue
299,3038,180,2023-08-27,Late Delivery
300,3065,492,2024-04-01,Wrong Item
301,3088,65,2023-12-16,Damaged
302,3098,288,2023-07-06,Damaged
303,3106,130,2024-03-25,Customer Changed Mind
304,3122,301,2024-05-27,Wrong Item
305,3124,367,2025-07-18,Wrong Item
306,3125,290,2025-03-13,Quality Issue
307,3132,238,2024-03-18,Late Delivery
308,3136,138,2024-01-28,Quality Issue
309,3153,475,2026-01-02,Wrong Item
310,3182,246,2025-09-18,Late Delivery
311,3192,200,2023-03-27,Quality Issue
312,3200,454,2025-10-06,Wrong Item
313,3215,280,2024-10-29,Damaged
314,3259,141,2023-03-30,Damaged
315,3270,152,2023-05-25,Quality Issue
316,3271,420,2025-08-08,Late Delivery
317,3309,336,2023-06-09,Damaged
318,3310,72,2024-08-15,Late Delivery
319,3327,29,2026-01-13,Damaged
320,3341,192,2025-03-28,Late Delivery
321,3344,279,2024-06-03,Quality Issue
322,3352,406,2023-08-12,Damaged
323,3354,79,2025-01-16,Wrong Item
324,3359,393,2025-07-29,Quality Issue
325,3383,380,2024-09-12,Quality Issue
326,3386,83,2024-04-05,Customer Changed Mind
327,3395,176,2024-08-01,Quality Issue
328,3403,212,2024-10-17,Quality Issue
329,3408,51,2024-08-12,Customer Changed Mind
330,3411,428,2025-01-08,Quality Issue
331,3423,288,2023-04-16,Damaged
332,3446,26,2023-02-03,Customer Changed Mind
333,3448,389,2023-08-03,Wrong Item
334,3453,315,2023-11-24,Wrong Item
335,3457,252,2025-11-11,Damaged
336,3466,165,2023-10-14,Customer Changed Mind
337,3469,313,2024-12-15,Wrong Item
338,3476,241,2023-07-04,Wrong Item
339,3476,209,2023-06-21,Late Delivery
340,3477,432,2025-01-08,Wrong Item
341,3487,199,2024-08-16,Late Delivery
342,3530,5,2024-06-26,Damaged
343,3531,322,2023-10-15,Damaged
344,3536,467,2023-10-19,Customer Changed Mind
345,3538,472,2025-01-27,Late Delivery
346,3540,268,2023-04-30,Damaged
347,3542,120,2024-05-12,Wrong Item
348,3548,414,2025-08-05,Wrong Item
349,3552,324,2023-09-11,Quality Issue
350,3554,23,2023-09-20,Late Delivery
351,3565,419,2025-03-31,Wrong Item
352,3566,377,2025-06-02,Quality Issue
353,3566,155,2025-06-05,Customer Changed Mind
354,3572,43,2025-05-01,Wrong Item
355,3592,302,2024-03-09,Quality Issue
356,3592,12,2024-03-11,Damaged
357,3603,345,2025-06-20,Late Delivery
358,3627,81,2024-04-07,Customer Changed Mind
359,3660,249,2024-05-20,Customer Changed Mind
360,3665,397,2024-11-28,Quality Issue
361,3667,177,2025-01-20,Wrong Item
362,3675,60,2023-12-08,Customer Changed Mind
363,3688,275,2023-12-04,Damaged
364,3692,462,2024-03-09,Customer Changed Mind
365,3716,61,2023-10-17,Damaged
366,3717,330,2023-09-01,Wrong Item
367,3729,81,2024-02-16,Quality Issue
368,3744,11,2024-03-20,Damaged
369,3745,44,2025-12-14,Damaged
370,3762,321,2024-04-20,Wrong Item
371,3776,333,2024-05-18,Customer Changed Mind
372,3797,69,2024-08-02,Quality Issue
373,3798,9,2024-08-29,Customer Changed Mind
374,3816,118,2025-05-25,Late Delivery
375,3818,213,2025-12-26,Late Delivery
376,3821,122,2023-01-25,Quality Issue
377,3824,202,2024-12-26,Customer Changed Mind
378,3831,29,2023-04-22,Quality Issue
379,3842,453,2025-11-15,Customer Changed Mind
380,3848,402,2023-06-07,Quality Issue
381,3850,381,2024-07-29,Wrong Item
382,3855,69,2024-11-13,Wrong Item
383,3868,440,2024-08-27,Quality Issue
384,3872,493,2023-12-16,Late Delivery
385,3882,246,2023-05-26,Quality Issue
386,3882,111,2023-05-17,Late Delivery
387,3886,114,2025-07-31,Late Delivery
388,3895,74,2025-08-09,Late Delivery
389,3900,258,2024-06-01,Quality Issue
390,3906,443,2023-02-24,Wrong Item
391,3907,396,2025-04-14,Customer Changed Mind
392,3940,108,2024-03-14,Damaged
393,3959,181,2024-05-17,Wrong Item
394,3965,485,2023-09-20,Damaged
395,3981,258,2024-06-16,Damaged
396,3984,97,2024-02-03,Damaged
397,3985,232,2023-06-02,Customer Changed Mind
398,3988,21,2025-02-04,Wrong Item
399,3993,483,2025-03-26,Customer Changed Mind
400,3995,128,2025-03-05,Quality Issue
401,3997,18,2025-02-06,Quality Issue
402,3998,122,2023-03-27,Damaged
403,4007,77,2023-04-23,Quality Issue
404,4007,309,2023-05-15,Damaged
405,4014,135,2024-11-12,Customer Changed Mind
406,4016,168,2025-10-23,Quality Issue
407,4027,251,2024-03-23,Wrong Item
408,4031,6,2024-11-16,Quality Issue
409,4039,125,2023-08-05,Customer Changed Mind
410,4067,402,2024-02-13,Late Delivery
411,4070,70,2024-11-25,Quality Issue
412,4076,374,2025-03-25,Damaged
413,4078,161,2025-08-09,Wrong Item
414,4101,120,2023-11-20,Customer Changed Mind
415,4110,49,2023-03-25,Late Delivery
416,4117,362,2024-02-11,Damaged
417,4125,479,2024-05-29,Quality Issue
418,4129,112,2026-01-08,Damaged
419,4134,355,2025-02-10,Quality Issue
420,4136,160,2026-01-11,Customer Changed Mind
421,4139,480,2025-12-20,Late Delivery
422,4143,55,2023-10-23,Damaged
423,4161,440,2023-12-10,Customer Changed Mind
424,4162,169,2025-02-10,Quality Issue
425,4167,323,2025-04-17,Quality Issue
426,4172,123,2025-10-15,Quality Issue
427,4176,444,2025-09-19,Late Delivery
428,4183,14,2024-06-06,Customer Changed Mind
429,4184,489,2024-09-21,Wrong Item
430,4237,197,2025-10-19,Late Delivery
431,4241,119,2025-09-26,Damaged
432,4241,142,2025-09-19,Customer Changed Mind
433,4247,371,2024-09-07,Wrong Item
434,4257,309,2024-04-14,Damaged
435,4259,29,2025-05-06,Customer Changed Mind
436,4263,14,2024-03-08,Damaged
437,4273,195,2025-11-28,Wrong Item
438,4296,456,2024-01-04,Customer Changed Mind
439,4302,196,2024-01-03,Late Delivery
440,4303,114,2024-11-02,Customer Changed Mind
441,4315,479,2023-09-12,Customer Changed Mind
442,4332,395,2025-10-05,Wrong Item
443,4350,448,2023-06-20,Customer Changed Mind
444,4356,327,2023-04-24,Quality Issue
445,4405,353,2024-02-28,Damaged
446,4419,360,2024-04-02,Quality Issue
447,4448,481,2025-09-06,Late Delivery
448,4448,437,2025-08-29,Quality Issue
449,4460,55,2024-05-19,Wrong Item
450,4472,19,2025-11-25,Customer Changed Mind
451,4473,141,2023-10-11,Damaged
452,4481,251,2025-08-16,Damaged
453,4481,325,2025-08-09,Quality Issue
454,4501,485,2023-11-09,Damaged
455,4533,151,2024-05-12,Customer Changed Mind
456,4534,61,2025-10-06,Damaged
457,4548,146,2023-11-04,Damaged
458,4572,42,2025-10-02,Wrong Item
459,4597,284,2023-04-29,Late Delivery
460,4613,170,2023-09-18,Wrong Item
461,4614,242,2023-07-26,Wrong Item
462,4632,140,2025-11-08,Late Delivery
463,4647,461,2025-01-01,Quality Issue
464,4653,272,2023-03-21,Customer Changed Mind
465,4654,393,2023-08-25,Wrong Item
466,4664,403,2023-09-29,Customer Changed Mind
467,4686,301,2024-05-14,Damaged
468,4694,143,2024-03-12,Wrong Item
469,4712,285,2023-09-23,Customer Changed Mind
470,4739,195,2023-07-02,Quality Issue
471,4742,480,2024-04-09,Wrong Item
472,4746,445,2023-05-02,Wrong Item
473,4753,412,2023-04-08,Quality Issue
474,4757,335,2025-10-26,Customer Changed Mind
475,4761,34,2025-05-20,Wrong Item
476,4761,127,2025-05-24,Customer Changed Mind
477,4770,208,2024-10-25,Late Delivery
478,4775,495,2025-09-15,Late Delivery
479,4805,398,2025-06-21,Damaged
480,4811,390,2023-05-08,Quality Issue
481,4817,134,2024-02-01,Late Delivery
482,4835,127,2025-01-15,Late Delivery
483,4845,104,2025-01-22,Quality Issue
484,4854,383,2025-11-28,Customer Changed Mind
485,4866,278,2023-04-08,Wrong Item
486,4878,321,2023-03-03,Damaged
487,4894,400,2025-09-07,Wrong Item
488,4918,392,2024-12-14,Damaged
489,4918,431,2024-12-16,Customer Changed Mind
490,4960,273,2023-07-01,Wrong Item
491,4961,496,2023-06-19,Quality Issue
492,4963,9,2024-05-12,Wrong Item
493,4963,415,2024-04-25,Wrong Item
494,4966,394,2025-05-30,Quality Issue
495,5012,403,2025-08-22,Customer Changed Mind
496,5013,484,2024-09-24,Quality Issue
497,5020,178,2024-05-24,Customer Changed Mind
498,5027,110,2024-03-22,Customer Changed Mind
499,5030,461,2024-01-03,Late Delivery
500,5035,82,2024-11-04,Customer Changed Mind
501,5045,151,2023-10-20,Customer Changed Mind
502,5075,135,2023-09-11,Wrong Item
503,5077,476,2024-05-31,Quality Issue
504,5081,196,2024-12-21,Damaged
505,5088,375,2024-02-20,Customer Changed Mind
506,5109,33,2025-01-02,Customer Changed Mind
507,5118,88,2025-02-19,Late Delivery
508,5119,348,2023-06-14,Quality Issue
509,5126,307,2024-07-13,Wrong Item
510,5156,438,2023-10-18,Customer Changed Mind
511,5171,447,2024-08-10,Quality Issue
512,5207,320,2025-09-01,Damaged
513,5220,54,2023-04-18,Customer Changed Mind
514,5237,404,2023-06-29,Quality Issue
515,5250,267,2023-02-15,Wrong Item
516,5261,434,2025-12-11,Wrong Item
517,5269,156,2024-03-21,Wrong Item
518,5272,233,2024-03-12,Quality Issue
519,5285,427,2025-12-28,Late Delivery
520,5299,355,2025-07-19,Quality Issue
521,5306,330,2024-06-16,Wrong Item
522,5310,74,2025-09-20,Damaged
523,5340,27,2024-09-14,Customer Changed Mind
524,5355,325,2024-11-03,Quality Issue
525,5358,98,2024-08-16,Quality Issue
526,5389,145,2025-09-17,Damaged
527,5393,358,2025-01-30,Quality Issue
528,5394,430,2024-12-27,Customer Changed Mind
529,5395,135,2025-11-25,Customer Changed Mind
530,5400,246,2025-02-22,Customer Changed Mind
531,5414,296,2025-08-21,Customer Changed Mind
532,5418,363,2023-10-30,Damaged
533,5424,258,2025-10-09,Wrong Item
534,5427,14,2025-03-19,Wrong Item
535,5438,356,2023-02-21,Customer Changed Mind
536,5451,225,2024-07-24,Late Delivery
537,5453,58,2024-04-21,Late Delivery
538,5469,334,2024-10-06,Quality Issue
539,5472,12,2023-01-30,Damaged
540,5478,162,2024-04-24,Quality Issue
541,5492,338,2025-11-05,Late Delivery
542,5524,53,2023-08-22,Wrong Item
543,5530,294,2024-10-22,Customer Changed Mind
544,5555,49,2024-10-30,Customer Changed Mind
545,5560,222,2024-05-06,Damaged
546,5562,276,2023-03-15,Quality Issue
547,5564,242,2023-05-19,Damaged
548,5569,17,2024-06-24,Damaged
549,5572,315,2023-03-01,Damaged
550,5586,480,2024-07-04,Quality Issue
551,5635,209,2024-12-31,Quality Issue
552,5649,175,2024-10-20,Quality Issue
553,5652,343,2024-11-16,Customer Changed Mind
554,5664,402,2024-06-15,Late Delivery
555,5674,24,2024-02-17,Quality Issue
556,5690,57,2024-10-01,Late Delivery
557,5692,317,2025-11-28,Customer Changed Mind
558,5697,31,2025-07-27,Late Delivery
559,5707,220,2023-12-14,Quality Issue
560,5709,328,2024-07-23,Late Delivery
561,5711,30,2023-01-27,Late Delivery
562,5726,341,2025-12-17,Wrong Item
563,5754,188,2025-11-05,Customer Changed Mind
564,5755,76,2025-03-18,Customer Changed Mind
565,5768,32,2023-03-04,Wrong Item
566,5774,142,2024-09-14,Quality Issue
567,5787,215,2023-08-28,Quality Issue
568,5800,386,2024-10-09,Quality Issue
569,5809,330,2025-05-06,Damaged
570,5812,150,2024-02-26,Late Delivery
571,5851,291,2025-01-16,Quality Issue
572,5860,368,2026-01-18,Damaged
573,5875,408,2025-12-16,Wrong Item
574,5879,47,2025-03-01,Damaged
575,5883,187,2025-10-30,Customer Changed Mind
576,5887,387,2024-05-15,Late Delivery
577,5894,205,2024-07-02,Quality Issue
578,5897,440,2023-07-06,Quality Issue
579,5904,58,2023-07-05,Damaged
580,5905,269,2024-07-12,Damaged
581,5909,286,2023-09-27,Customer Changed Mind
582,5921,232,2024-03-27,Customer Changed Mind
583,5945,482,2024-07-29,Damaged
584,5949,343,2023-06-06,Wrong Item
585,5954,191,2025-08-21,Late Delivery
586,5968,138,2025-02-14,Damaged
587,5969,159,2025-01-27,Customer Changed Mind
588,5975,472,2024-08-23,Quality Issue
589,5997,165,2023-07-25,Wrong Item
590,6003,276,2024-03-30,Late Delivery
591,6011,273,2025-04-07,Customer Changed Mind
592,6014,488,2024-02-01,Customer Changed Mind
593,6016,275,2023-10-01,Customer Changed Mind
594,6039,58,2023-12-22,Late Delivery
595,6040,354,2023-10-21,Wrong Item
596,6045,71,2023-10-25,Damaged
597,6047,399,2025-06-07,Damaged
598,6073,195,2024-07-31,Quality Issue
599,6084,322,2025-11-09,Customer Changed Mind
600,6095,379,2023-12-31,Quality Issue
601,6098,17,2023-05-10,Customer Changed Mind
602,6100,475,2024-06-01,Late Delivery
603,6103,261,2023-12-14,Late Delivery
604,6111,448,2023-06-12,Wrong Item
605,6114,323,2023-11-25,Customer Changed Mind
606,6115,17,2024-10-03,Damaged
607,6119,81,2024-12-16,Customer Changed Mind
608,6164,252,2025-08-14,Wrong Item
609,6165,345,2023-07-24,Late Delivery
610,6172,248,2023-06-02,Quality Issue
611,6177,18,2023-08-27,Damaged
612,6180,390,2024-11-11,Quality Issue
613,6182,322,2025-08-24,Damaged
614,6199,431,2023-06-23,Customer Changed Mind
615,6212,377,2025-08-07,Customer Changed Mind
616,6216,270,2024-09-26,Customer Changed Mind
617,6244,485,2023-11-06,Late Delivery
618,6261,170,2023-04-28,Customer Changed Mind
619,6261,262,2023-05-22,Quality Issue
620,6263,480,2024-07-28,Damaged
621,6267,369,2023-05-21,Customer Changed Mind
622,6269,102,2025-12-06,Wrong Item
623,6275,108,2024-12-22,Customer Changed Mind
624,6285,286,2024-11-29,Quality Issue
625,6293,256,2023-04-10,Late Delivery
626,6301,186,2024-08-07,Quality Issue
627,6324,301,2023-04-14,Damaged
628,6333,149,2024-03-19,Customer Changed Mind
629,6336,37,2024-01-20,Quality Issue
630,6337,312,2025-11-05,Customer Changed Mind
631,6349,82,2023-06-02,Wrong Item
632,6359,29,2023-03-13,Damaged
633,6362,254,2023-10-18,Customer Changed Mind
634,6366,213,2025-08-21,Damaged
635,6381,376,2023-12-11,Late Delivery
636,6384,44,2023-01-21,Wrong Item
637,6384,245,2023-01-11,Customer Changed Mind
638,6389,70,2025-12-17,Late Delivery
639,6391,472,2025-01-05,Damaged
640,6395,366,2023-11-14,Damaged
641,6404,95,2023-03-24,Late Delivery
642,6423,92,2025-03-29,Damaged
643,6449,315,2024-03-29,Customer Changed Mind
644,6466,322,2023-04-21,Customer Changed Mind
645,6471,424,2025-03-05,Quality Issue
646,6493,89,2023-08-08,Customer Changed Mind
647,6498,285,2024-06-30,Quality Issue
648,6504,298,2025-06-27,Late Delivery
649,6506,481,2024-09-01,Customer Changed Mind
650,6516,418,2023-06-14,Customer Changed Mind
651,6521,422,2023-07-14,Damaged
652,6524,448,2025-08-21,Quality Issue
653,6526,158,2024-06-26,Quality Issue
654,6534,192,2023-08-06,Quality Issue
655,6556,440,2025-04-29,Wrong Item
656,6557,323,2025-05-27,Damaged
657,6559,229,2025-06-05,Damaged
658,6564,178,2025-06-24,Late Delivery
659,6566,448,2024-05-16,Customer Changed Mind
660,6583,319,2024-06-01,Late Delivery
661,6593,299,2024-03-02,Customer Changed Mind
662,6597,180,2025-05-26,Customer Changed Mind
663,6603,165,2024-03-02,Customer Changed Mind
664,6606,435,2025-05-10,Late Delivery
665,6627,33,2024-10-06,Damaged
666,6627,73,2024-10-30,Customer Changed Mind
667,6633,58,2024-08-09,Wrong Item
668,6651,138,2024-12-18,Damaged
669,6652,261,2025-08-19,Customer Changed Mind
670,6652,327,2025-07-30,Late Delivery
671,6667,458,2024-06-09,Late Delivery
672,6692,307,2025-03-03,Damaged
673,6703,394,2025-09-23,Late Delivery
674,6709,98,2024-12-25,Late Delivery
675,6709,93,2024-12-24,Damaged
676,6718,480,2024-11-15,Damaged
677,6726,318,2025-03-12,Customer Changed Mind
678,6742,57,2025-08-03,Customer Changed Mind
679,6745,498,2023-03-26,Customer Changed Mind
680,6754,470,2024-06-08,Customer Changed Mind
681,6771,44,2023-12-02,Quality Issue
682,6772,244,2026-01-20,Damaged
683,6797,227,2025-08-11,Damaged
684,6798,497,2024-01-22,Customer Changed Mind
685,6806,496,2023-03-22,Late Delivery
686,6806,329,2023-03-22,Wrong Item
687,6826,356,2023-05-02,Damaged
688,6847,16,2025-12-09,Damaged
689,6849,131,2024-05-25,Damaged
690,6853,483,2025-04-09,Wrong Item
691,6856,397,2024-04-26,Damaged
692,6860,202,2025-01-08,Damaged
693,6869,397,2024-01-11,Quality Issue
694,6874,369,2024-01-03,Damaged
695,6876,26,2024-07-19,Customer Changed Mind
696,6882,298,2024-08-13,Quality Issue
697,6911,93,2024-04-04,Damaged
698,6928,69,2024-03-01,Customer Changed Mind
699,6938,5,2023-02-14,Late Delivery
700,6938,230,2023-02-08,Quality Issue
701,6941,302,2025-04-30,Quality Issue
702,6942,447,2025-05-29,Customer Changed Mind
703,6945,467,2023-07-30,Quality Issue
704,6955,423,2024-02-22,Damaged
705,6959,172,2023-08-15,Customer Changed Mind
706,6964,342,2023-11-28,Damaged
707,6966,499,2023-10-15,Damaged
708,6971,277,2025-04-24,Customer Changed Mind
709,6977,231,2023-11-20,Late Delivery
710,6980,298,2023-06-17,Customer Changed Mind
711,6984,359,2023-12-22,Damaged
712,6986,500,2024-10-07,Damaged
713,7002,10,2025-03-14,Damaged
714,7006,135,2023-08-18,Wrong Item
715,7008,217,2024-10-17,Customer Changed Mind
716,7022,469,2024-12-03,Quality Issue
717,7045,207,2023-08-23,Late Delivery
718,7061,353,2025-12-17,Quality Issue
719,7064,156,2024-12-01,Damaged
720,7074,185,2023-02-14,Damaged
721,7075,304,2024-01-01,Damaged
722,7090,283,2024-02-28,Customer Changed Mind
723,7091,338,2023-08-27,Damaged
724,7107,382,2024-02-02,Wrong Item
725,7118,74,2024-09-18,Damaged
726,7132,132,2024-09-10,Late Delivery
727,7134,395,2024-01-31,Damaged
728,7140,341,2023-08-26,Damaged
729,7162,24,2024-01-09,Damaged
730,7166,194,2025-09-28,Damaged
731,7177,40,2024-02-13,Damaged
732,7178,402,2024-07-06,Damaged
733,7186,302,2023-03-18,Customer Changed Mind
734,7206,399,2025-03-31,Damaged
735,7211,184,2023-08-16,Damaged
736,7224,337,2025-07-16,Wrong Item
737,7242,492,2023-09-04,Damaged
738,7271,36,2025-05-18,Damaged
739,7278,88,2025-06-15,Damaged
740,7282,443,2025-10-07,Customer Changed Mind
741,7292,208,2025-01-31,Damaged
742,7297,281,2024-07-17,Late Delivery
743,7315,101,2024-08-23,Quality Issue
744,7327,315,2024-09-19,Quality Issue
745,7332,409,2023-10-23,Late Delivery
746,7332,263,2023-10-19,Damaged
747,7350,117,2024-06-12,Damaged
748,7351,189,2024-11-06,Late Delivery
749,7352,92,2023-06-23,Quality Issue
750,7357,98,2025-10-04,Damaged
751,7359,495,2023-05-10,Quality Issue
752,7361,82,2025-05-21,Customer Changed Mind
753,7373,372,2023-01-29,Quality Issue
754,7389,6,2025-12-28,Damaged
755,7390,166,2023-10-18,Quality Issue
756,7391,313,2023-04-29,Customer Changed Mind
757,7413,385,2024-01-10,Quality Issue
758,7428,445,2025-11-19,Quality Issue
759,7445,257,2025-08-05,Wrong Item
760,7458,230,2025-02-06,Wrong Item
761,7458,242,2025-01-27,Quality Issue
762,7460,327,2024-07-03,Damaged
763,7462,71,2024-07-09,Wrong Item
764,7469,486,2024-08-21,Wrong Item
765,7472,403,2024-10-28,Customer Changed Mind
766,7486,38,2024-06-25,Damaged
767,7487,125,2024-02-21,Wrong Item
768,7496,15,2025-07-04,Wrong Item
769,7498,469,2024-07-09,Damaged
770,7516,86,2023-02-07,Quality Issue
771,7534,3,2024-05-08,Damaged
772,7536,431,2024-09-09,Wrong Item
773,7538,308,2024-05-14,Wrong Item
774,7540,483,2024-12-23,Damaged
775,7541,6,2023-08-12,Wrong Item
776,7541,271,2023-08-16,Damaged
777,7558,31,2023-04-15,Wrong Item
778,7563,489,2023-04-09,Late Delivery
779,7584,215,2024-09-21,Wrong Item
780,7585,57,2024-06-02,Quality Issue
781,7599,348,2025-01-13,Damaged
782,7629,444,2024-10-29,Quality Issue
783,7631,338,2025-04-20,Quality Issue
784,7631,91,2025-04-25,Customer Changed Mind
785,7640,79,2023-11-23,Wrong Item
786,7659,250,2023-09-29,Wrong Item
787,7669,463,2025-12-21,Customer Changed Mind
788,7670,180,2023-10-28,Customer Changed Mind
789,7682,379,2025-09-26,Damaged
790,7688,252,2024-02-23,Quality Issue
791,7690,142,2023-07-11,Quality Issue
792,7696,228,2024-12-09,Wrong Item
793,7708,468,2024-08-02,Customer Changed Mind
794,7719,12,2025-02-13,Wrong Item
795,7730,201,2024-02-03,Wrong Item
796,7747,125,2025-06-14,Quality Issue
797,7771,206,2025-05-21,Customer Changed Mind
798,7772,309,2023-04-26,Quality Issue
799,7781,273,2023-03-19,Customer Changed Mind
800,7781,53,2023-04-09,Wrong Item
801,7789,283,2024-04-04,Customer Changed Mind
802,7809,301,2024-11-09,Customer Changed Mind
803,7829,20,2023-10-30,Quality Issue
804,7834,425,2024-04-12,Customer Changed Mind
805,7838,383,2025-08-13,Damaged
806,7845,57,2024-06-17,Customer Changed Mind
807,7864,202,2025-06-05,Customer Changed Mind
808,7869,434,2024-01-08,Damaged
809,7869,308,2023-12-29,Wrong Item
810,7873,468,2023-05-07,Quality Issue
811,7876,371,2024-12-01,Wrong Item
812,7877,205,2023-05-07,Damaged
813,7881,298,2023-10-20,Customer Changed Mind
814,7890,245,2023-10-03,Wrong Item
815,7891,100,2023-06-07,Wrong Item
816,7907,56,2025-08-13,Late Delivery
817,7911,446,2024-03-01,Damaged
818,7917,149,2023-07-30,Wrong Item
819,7921,472,2024-07-07,Wrong Item
820,7927,217,2025-02-19,Late Delivery
821,7928,295,2025-02-09,Damaged
822,7940,220,2024-11-13,Damaged
823,7954,457,2025-01-03,Damaged
824,7989,310,2025-12-26,Damaged
825,7995,454,2025-04-11,Customer Changed Mind
826,7999,121,2024-02-14,Damaged
827,8020,94,2023-07-13,Quality Issue
828,8023,329,2025-07-23,Late Delivery
829,8034,282,2023-10-09,Quality Issue
830,8034,24,2023-10-05,Damaged
831,8061,24,2025-03-14,Damaged
832,8074,212,2023-10-16,Quality Issue
833,8077,170,2024-10-31,Customer Changed Mind
834,8083,117,2024-09-13,Damaged
835,8089,170,2023-04-18,Damaged
836,8129,124,2023-09-16,Damaged
837,8164,86,2024-01-07,Damaged
838,8165,468,2025-09-04,Damaged
839,8166,96,2024-12-13,Customer Changed Mind
840,8167,476,2024-06-02,Damaged
841,8187,301,2023-12-03,Quality Issue
842,8190,145,2025-02-05,Late Delivery
843,8198,420,2025-08-08,Customer Changed Mind
844,8199,462,2024-08-14,Damaged
845,8204,237,2024-05-02,Customer Changed Mind
846,8218,288,2025-09-15,Damaged
847,8242,1,2025-11-06,Customer Changed Mind
848,8249,154,2025-07-29,Customer Changed Mind
849,8252,449,2025-05-20,Quality Issue
850,8257,48,2025-12-29,Late Delivery
851,8262,254,2024-03-13,Quality Issue
852,8271,59,2023-02-10,Customer Changed Mind
853,8273,114,2024-11-09,Damaged
854,8274,261,2023-03-03,Quality Issue
855,8280,87,2023-08-31,Damaged
856,8284,33,2024-05-31,Damaged
857,8292,4,2025-11-03,Damaged
858,8299,194,2023-02-07,Damaged
859,8305,3,2025-09-21,Wrong Item
860,8307,490,2025-04-25,Wrong Item
861,8308,449,2025-07-09,Damaged
862,8309,126,2024-08-15,Customer Changed Mind
863,8311,211,2024-10-06,Damaged
864,8312,311,2023-07-18,Late Delivery
865,8317,371,2025-09-27,Quality Issue
866,8319,136,2024-10-25,Late Delivery
867,8320,66,2023-06-21,Wrong Item
868,8332,400,2024-03-02,Quality Issue
869,8339,495,2025-11-08,Wrong Item
870,8348,499,2024-05-27,Wrong Item
871,8350,190,2025-05-12,Damaged
872,8368,273,2025-02-09,Damaged
873,8375,296,2025-06-22,Late Delivery
874,8398,303,2025-06-22,Customer Changed Mind
875,8398,496,2025-06-30,Wrong Item
876,8407,486,2023-06-28,Customer Changed Mind
877,8409,318,2025-03-15,Wrong Item
878,8415,345,2024-01-19,Late Delivery
879,8422,429,2023-01-19,Wrong Item
880,8441,361,2025-03-26,Quality Issue
881,8444,188,2024-07-19,Late Delivery
882,8451,281,2023-11-10,Quality Issue
883,8482,10,2025-07-06,Quality Issue
884,8487,476,2023-07-10,Damaged
885,8495,128,2024-06-09,Customer Changed Mind
886,8496,200,2025-08-09,Wrong Item
887,8498,396,2024-10-01,Quality Issue
888,8513,109,2024-03-14,Damaged
889,8516,372,2026-01-17,Damaged
890,8521,106,2025-01-30,Damaged
891,8531,268,2023-07-29,Customer Changed Mind
892,8536,276,2023-01-21,Customer Changed Mind
893,8544,228,2023-10-05,Wrong Item
894,8546,132,2024-11-27,Damaged
895,8548,447,2025-04-22,Quality Issue
896,8564,496,2023-03-28,Damaged
897,8570,367,2026-01-10,Quality Issue
898,8574,445,2026-01-03,Customer Changed Mind
899,8603,438,2023-06-21,Customer Changed Mind
900,8612,113,2025-07-24,Damaged
901,8615,53,2023-12-21,Damaged
902,8620,192,2025-03-17,Late Delivery
903,8647,447,2024-10-03,Quality Issue
904,8672,430,2024-08-23,Customer Changed Mind
905,8674,96,2023-06-26,Wrong Item
906,8696,487,2025-11-03,Customer Changed Mind
907,8700,93,2024-09-27,Damaged
908,8705,387,2026-01-16,Wrong Item
909,8706,92,2024-07-22,Damaged
910,8708,211,2024-01-15,Late Delivery
911,8715,255,2025-10-13,Customer Changed Mind
912,8718,386,2024-11-25,Quality Issue
913,8722,114,2023-08-08,Customer Changed Mind
914,8733,135,2024-02-16,Customer Changed Mind
915,8737,339,2024-01-30,Customer Changed Mind
916,8771,83,2023-06-16,Quality Issue
917,8787,308,2023-04-20,Quality Issue
918,8791,433,2024-11-08,Quality Issue
919,8799,71,2024-03-21,Wrong Item
920,8799,481,2024-03-16,Customer Changed Mind
921,8812,459,2025-08-11,Late Delivery
922,8814,321,2025-11-07,Customer Changed Mind
923,8831,461,2024-03-23,Wrong Item
924,8843,309,2024-09-01,Wrong Item
925,8849,42,2024-08-11,Quality Issue
926,8855,406,2024-05-17,Wrong Item
927,8878,419,2025-08-11,Wrong Item
928,8888,128,2023-06-01,Late Delivery
929,8895,103,2024-01-13,Quality Issue
930,8897,12,2023-05-02,Wrong Item
931,8905,87,2025-02-06,Damaged
932,8917,353,2024-07-14,Customer Changed Mind
933,8963,351,2025-06-30,Damaged
934,8981,1,2025-08-27,Wrong Item
935,8992,188,2025-06-22,Damaged
936,9007,20,2023-05-04,Damaged
937,9010,274,2023-06-29,Late Delivery
938,9013,276,2024-01-17,Wrong Item
939,9020,78,2024-11-25,Wrong Item
940,9029,388,2025-09-01,Damaged
941,9031,182,2023-07-16,Quality Issue
942,9037,226,2024-03-14,Customer Changed Mind
943,9045,494,2025-11-14,Quality Issue
944,9047,334,2023-07-28,Quality Issue
945,9052,371,2024-11-18,Late Delivery
946,9054,16,2023-01-30,Quality Issue
947,9058,196,2023-10-31,Late Delivery
948,9062,308,2025-01-24,Wrong Item
949,9066,363,2024-12-07,Damaged
950,9070,158,2024-11-25,Damaged
951,9073,500,2023-04-30,Wrong Item
952,9079,305,2024-03-26,Wrong Item
953,9096,108,2024-06-22,Quality Issue
954,9096,191,2024-06-02,Damaged
955,9098,336,2024-03-02,Wrong Item
956,9099,14,2023-08-02,Customer Changed Mind
957,9100,473,2024-08-04,Customer Changed Mind
958,9113,35,2024-07-19,Damaged
959,9130,323,2023-06-07,Damaged
960,9144,369,2024-03-22,Late Delivery
961,9148,331,2023-12-21,Late Delivery
962,9149,43,2023-09-28,Wrong Item
963,9152,280,2025-02-25,Wrong Item
964,9153,444,2025-03-20,Quality Issue
965,9170,230,2023-03-11,Wrong Item
966,9173,79,2025-10-17,Late Delivery
967,9177,176,2023-10-16,Customer Changed Mind
968,9190,399,2024-04-08,Customer Changed Mind
969,9199,31,2025-12-27,Damaged
970,9225,488,2024-01-11,Late Delivery
971,9230,265,2023-11-09,Late Delivery
972,9265,326,2025-04-05,Quality Issue
973,9266,268,2025-10-02,Customer Changed Mind
974,9281,432,2025-12-09,Customer Changed Mind
975,9284,496,2025-06-22,Quality Issue
976,9292,386,2023-07-11,Damaged
977,9306,403,2025-07-06,Customer Changed Mind
978,9309,354,2024-10-22,Damaged
979,9316,298,2025-10-05,Late Delivery
980,9318,9,2023-07-23,Quality Issue
981,9325,126,2025-06-24,Wrong Item
982,9329,231,2024-05-03,Customer Changed Mind
983,9340,175,2023-02-24,Late Delivery
984,9354,227,2025-02-06,Wrong Item
985,9355,129,2025-11-30,Wrong Item
986,9355,285,2025-12-02,Customer Changed Mind
987,9366,301,2024-05-07,Damaged
988,9369,182,2024-03-07,Late Delivery
989,9373,372,2024-07-22,Damaged
990,9375,265,2023-08-23,Late Delivery
991,9376,477,2025-07-05,Wrong Item
992,9379,190,2023-03-19,Damaged
993,9379,112,2023-03-04,Customer Changed Mind
994,9383,78,2024-02-27,Damaged
995,9397,223,2024-04-21,Wrong Item
996,9401,278,2025-05-30,Quality Issue
997,9408,23,2024-03-20,Wrong Item
998,9435,15,2024-07-18,Damaged
999,9440,192,2024-11-15,Wrong Item
1000,9471,450,2023-07-01,Late Delivery
1001,9508,10,2023-03-21,Damaged
1002,9513,209,2024-06-26,Wrong Item
1003,9526,230,2025-05-30,Wrong Item
1004,9532,479,2025-05-26,Damaged
1005,9543,197,2023-03-09,Customer Changed Mind
1006,9579,117,2023-12-30,Wrong Item
1007,9588,399,2023-09-07,Wrong Item
1008,9588,213,2023-08-19,Damaged
1009,9599,348,2023-12-26,Late Delivery
1010,9617,69,2024-10-01,Customer Changed Mind
1011,9618,83,2023-11-26,Customer Changed Mind
1012,9628,473,2025-05-26,Customer Changed Mind
1013,9638,444,2024-03-28,Quality Issue
1014,9650,130,2025-07-27,Customer Changed Mind
1015,9651,353,2023-01-10,Late Delivery
1016,9676,406,2024-05-09,Damaged
1017,9678,365,2025-09-01,Late Delivery
1018,9702,476,2024-03-19,Damaged
1019,9733,268,2024-03-06,Damaged
1020,9737,388,2023-03-20,Quality Issue
1021,9739,146,2023-06-20,Wrong Item
1022,9743,65,2025-12-03,Wrong Item
1023,9749,408,2024-07-16,Quality Issue
1024,9752,100,2024-02-15,Wrong Item
1025,9754,287,2025-02-11,Quality Issue
1026,9765,187,2025-08-21,Damaged
1027,9766,387,2024-08-26,Wrong Item
1028,9775,313,2023-12-28,Damaged
1029,9778,211,2025-03-05,Quality Issue
1030,9780,393,2026-01-09,Quality Issue
1031,9781,369,2024-04-22,Damaged
1032,9794,235,2024-03-08,Damaged
1033,9808,132,2023-06-14,Quality Issue
1034,9821,54,2024-02-01,Damaged
1035,9823,302,2025-02-14,Late Delivery
1036,9843,331,2024-03-30,Damaged
1037,9847,481,2025-10-12,Quality Issue
1038,9855,496,2024-12-01,Customer Changed Mind
1039,9858,265,2023-04-27,Quality Issue
1040,9860,172,2024-09-17,Customer Changed Mind
1041,9883,142,2025-12-05,Wrong Item
1042,9884,169,2024-03-21,Wrong Item
1043,9897,475,2025-05-05,Wrong Item
1044,9898,414,2025-09-22,Damaged
1045,9901,175,2025-08-29,Customer Changed Mind
1046,9912,103,2023-02-16,Damaged
1047,9921,496,2024-03-23,Quality Issue
1048,9951,220,2023-11-29,Quality Issue
1049,9958,63,2023-09-09,Wrong Item
1050,9963,378,2025-03-05,Late Delivery
1051,9968,439,2023-09-18,Quality Issue
1052,9969,219,2025-11-07,Quality Issue
1053,9977,213,2024-06-22,Late Delivery
1054,9981,227,2023-11-11,Customer Changed Mind
1055,9982,448,2024-07-26,Quality Issue
1056,9997,53,2024-04-13,Customer Changed Mind
1057,10002,157,2024-06-03,Customer Changed Mind
1058,10007,416,2024-09-08,Wrong Item
1059,10022,203,2023-05-15,Late Delivery
1060,10029,98,2023-07-25,Customer Changed Mind
1061,10029,98,2023-08-07,Damaged
1062,10051,489,2024-01-22,Damaged
1063,10054,433,2025-11-09,Wrong Item
1064,10056,63,2023-07-25,Customer Changed Mind
1065,10058,319,2024-08-07,Damaged
1066,10060,384,2025-03-12,Customer Changed Mind
1067,10066,266,2023-09-13,Quality Issue
1068,10085,155,2023-08-24,Customer Changed Mind
1069,10101,164,2025-02-08,Damaged
1070,10106,286,2024-08-21,Quality Issue
1071,10116,200,2023-02-15,Customer Changed Mind
1072,10121,3,2023-05-13,Late Delivery
1073,10140,385,2024-09-11,Wrong Item
1074,10142,310,2025-03-28,Late Delivery
1075,10146,7,2024-04-19,Quality Issue
1076,10148,475,2025-02-12,Wrong Item
1077,10152,147,2025-04-27,Customer Changed Mind
1078,10153,487,2024-01-17,Damaged
1079,10165,248,2023-10-28,Late Delivery
1080,10172,81,2025-02-09,Customer Changed Mind
1081,10192,228,2025-04-16,Quality Issue
1082,10195,451,2025-03-17,Customer Changed Mind
1083,10213,356,2023-04-02,Damaged
1084,10229,54,2023-08-22,Customer Changed Mind
1085,10239,85,2023-05-12,Damaged
1086,10262,188,2024-10-08,Customer Changed Mind
1087,10272,268,2024-07-29,Wrong Item
1088,10288,463,2024-06-06,Customer Changed Mind
1089,10293,11,2023-09-15,Wrong Item
1090,10293,86,2023-09-02,Wrong Item
1091,10298,65,2023-08-21,Wrong Item
1092,10300,275,2025-02-20,Customer Changed Mind
1093,10300,69,2025-02-22,Wrong Item
1094,10306,309,2023-02-06,Late Delivery
1095,10310,364,2023-11-13,Customer Changed Mind
1096,10341,238,2023-10-20,Damaged
1097,10364,485,2023-12-17,Quality Issue
1098,10368,57,2023-07-24,Damaged
1099,10373,65,2025-09-01,Quality Issue
1100,10377,370,2025-08-23,Customer Changed Mind
1101,10378,205,2023-11-11,Customer Changed Mind
1102,10387,253,2023-07-10,Damaged
1103,10400,241,2025-05-25,Damaged
1104,10408,302,2025-12-27,Quality Issue
1105,10420,318,2024-09-16,Damaged
1106,10427,239,2023-09-13,Wrong Item
1107,10455,121,2025-11-10,Late Delivery
1108,10469,96,2024-01-14,Customer Changed Mind
1109,10472,292,2023-04-10,Wrong Item
1110,10484,283,2025-10-14,Late Delivery
1111,10491,349,2025-07-23,Quality Issue
1112,10498,105,2024-05-13,Damaged
1113,10502,453,2024-10-17,Quality Issue
1114,10503,44,2024-01-22,Quality Issue
1115,10532,234,2025-04-05,Quality Issue
1116,10541,36,2025-12-15,Wrong Item
1117,10547,333,2023-02-06,Quality Issue
1118,10589,134,2023-02-12,Damaged
1119,10602,141,2025-01-21,Customer Changed Mind
1120,10614,96,2026-01-07,Customer Changed Mind
1121,10621,189,2025-12-28,Quality Issue
1122,10622,260,2025-09-01,Customer Changed Mind
1123,10627,21,2023-05-27,Quality Issue
1124,10629,20,2024-02-28,Wrong Item
1125,10652,87,2025-06-15,Quality Issue
1126,10657,162,2024-10-07,Quality Issue
1127,10668,499,2024-12-28,Customer Changed Mind
1128,10675,431,2024-05-16,Quality Issue
1129,10684,311,2026-01-01,Wrong Item
1130,10702,413,2023-11-24,Customer Changed Mind
1131,10704,384,2023-06-16,Damaged
1132,10705,449,2025-02-17,Quality Issue
1133,10727,414,2023-12-07,Customer Changed Mind
1134,10736,39,2025-10-04,Wrong Item
1135,10749,294,2024-08-09,Quality Issue
1136,10754,157,2024-11-20,Quality Issue
1137,10772,299,2024-12-19,Damaged
1138,10776,426,2025-02-10,Quality Issue
1139,10783,208,2024-02-14,Wrong Item
1140,10797,163,2024-09-27,Customer Changed Mind
1141,10798,162,2024-09-08,Wrong Item
1142,10805,363,2024-09-26,Customer Changed Mind
1143,10811,420,2023-05-31,Late Delivery
1144,10840,102,2025-10-25,Customer Changed Mind
1145,10857,231,2024-10-30,Late Delivery
1146,10861,163,2025-04-17,Damaged
1147,10886,18,2023-07-30,Wrong Item
1148,10899,87,2024-06-03,Quality Issue
1149,10900,243,2024-03-01,Damaged
1150,10905,228,2023-06-25,Damaged
1151,10907,70,2024-02-07,Late Delivery
1152,10908,11,2024-05-28,Customer Changed Mind
1153,10938,264,2024-06-06,Damaged
1154,10940,402,2023-12-09,Customer Changed Mind
1155,10958,95,2025-03-31,Damaged
1156,10959,225,2023-05-15,Quality Issue
1157,10977,229,2024-05-31,Customer Changed Mind
1158,10999,192,2025-07-18,Wrong Item
1159,11001,51,2024-10-02,Customer Changed Mind
1160,11011,219,2024-04-17,Quality Issue
1161,11035,208,2023-09-29,Damaged
1162,11061,362,2024-05-18,Quality Issue
1163,11062,60,2024-05-09,Damaged
1164,11068,180,2025-07-13,Quality Issue
1165,11069,95,2025-02-04,Quality Issue
1166,11077,274,2025-03-25,Customer Changed Mind
1167,11096,245,2025-04-15,Customer Changed Mind
1168,11099,88,2025-06-03,Quality Issue
1169,11100,93,2023-08-18,Customer Changed Mind
1170,11106,218,2024-07-18,Customer Changed Mind
1171,11116,429,2024-05-04,Quality Issue
1172,11117,311,2025-04-26,Wrong Item
1173,11122,39,2025-07-03,Damaged
1174,11123,491,2023-11-08,Wrong Item
1175,11126,453,2023-04-05,Customer Changed Mind
1176,11142,220,2023-04-09,Customer Changed Mind
1177,11164,285,2023-12-03,Damaged
1178,11171,91,2025-08-28,Damaged
1179,11187,341,2026-01-10,Quality Issue
1180,11203,211,2024-06-22,Damaged
1181,11205,212,2023-04-16,Late Delivery
1182,11212,105,2024-01-07,Wrong Item
1183,11220,61,2023-09-08,Quality Issue
1184,11246,117,2025-11-17,Quality Issue
1185,11253,492,2023-03-01,Customer Changed Mind
1186,11269,169,2025-04-12,Quality Issue
1187,11270,71,2024-08-16,Customer Changed Mind
1188,11275,478,2024-10-13,Damaged
1189,11295,469,2025-08-03,Late Delivery
1190,11296,48,2023-11-03,Wrong Item
1191,11296,98,2023-11-06,Damaged
1192,11317,479,2025-10-29,Damaged
1193,11321,114,2025-11-21,Wrong Item
1194,11351,313,2024-05-23,Quality Issue
1195,11356,179,2024-04-12,Damaged
1196,11362,107,2025-04-18,Late Delivery
1197,11365,232,2023-02-25,Customer Changed Mind
1198,11367,427,2025-06-21,Quality Issue
1199,11369,26,2024-03-27,Customer Changed Mind
1200,11390,346,2024-06-21,Wrong Item
1201,11403,87,2024-04-01,Damaged
1202,11426,201,2025-06-10,Customer Changed Mind
1203,11429,210,2023-09-28,Customer Changed Mind
1204,11435,452,2023-08-13,Damaged
1205,11439,23,2025-02-08,Late Delivery
1206,11451,334,2024-08-22,Quality Issue
1207,11455,177,2025-01-14,Late Delivery
1208,11470,145,2023-02-05,Customer Changed Mind
1209,11484,221,2024-09-10,Customer Changed Mind
1210,11489,465,2025-04-05,Damaged
1211,11502,105,2025-11-12,Quality Issue
1212,11506,240,2024-04-20,Wrong Item
1213,11508,190,2023-02-01,Damaged
1214,11513,280,2023-05-25,Late Delivery
1215,11516,425,2024-06-30,Damaged
1216,11519,431,2024-09-25,Damaged
1217,11527,408,2026-01-01,Quality Issue
1218,11537,421,2024-06-25,Damaged
1219,11546,199,2024-01-09,Wrong Item
1220,11549,62,2025-12-29,Damaged
1221,11564,320,2024-01-06,Quality Issue
1222,11586,139,2025-11-20,Quality Issue
1223,11597,248,2024-06-27,Quality Issue
1224,11598,466,2023-04-30,Late Delivery
1225,11609,33,2025-10-24,Quality Issue
1226,11615,313,2023-06-09,Quality Issue
1227,11616,79,2024-02-27,Damaged
1228,11616,160,2024-03-09,Damaged
1229,11650,21,2025-09-17,Late Delivery
1230,11651,447,2023-08-06,Customer Changed Mind
1231,11661,289,2023-01-30,Wrong Item
1232,11684,370,2025-05-01,Customer Changed Mind
1233,11707,28,2025-12-15,Damaged
1234,11708,113,2024-02-21,Customer Changed Mind
1235,11713,415,2023-09-04,Damaged
1236,11718,467,2024-04-24,Damaged
1237,11725,91,2025-10-16,Late Delivery
1238,11741,129,2025-01-31,Quality Issue
1239,11743,388,2025-05-03,Customer Changed Mind
1240,11744,384,2023-06-10,Customer Changed Mind
1241,11749,241,2023-11-28,Damaged
1242,11751,197,2024-05-20,Wrong Item
1243,11765,160,2025-12-27,Damaged
1244,11779,161,2024-10-13,Customer Changed Mind
1245,11788,439,2023-10-23,Quality Issue
1246,11792,469,2024-10-01,Customer Changed Mind
1247,11799,196,2023-03-31,Late Delivery
1248,11806,353,2023-06-13,Wrong Item
1249,11823,459,2023-10-22,Wrong Item
1250,11841,397,2024-01-29,Quality Issue
1251,11854,215,2025-03-02,Customer Changed Mind
1252,11859,143,2025-05-27,Customer Changed Mind
1253,11864,73,2024-03-13,Customer Changed Mind
1254,11872,138,2025-04-02,Wrong Item
1255,11884,20,2025-08-30,Damaged
1256,11887,474,2023-03-10,Customer Changed Mind
1257,11892,304,2023-03-22,Customer Changed Mind
1258,11897,135,2025-09-22,Damaged
1259,11905,192,2025-03-03,Customer Changed Mind
1260,11915,373,2023-02-09,Damaged
1261,11918,302,2025-01-30,Quality Issue
1262,11920,112,2023-12-27,Customer Changed Mind
1263,11920,116,2023-12-04,Wrong Item
1264,11924,385,2025-06-23,Wrong Item
1265,11935,494,2023-06-26,Wrong Item
1266,11936,333,2025-12-10,Damaged
1267,11939,222,2025-11-07,Quality Issue
1268,11950,417,2024-09-29,Damaged
1269,11969,13,2023-08-20,Damaged
1270,11970,493,2024-05-13,Wrong Item
1271,11989,430,2024-12-07,Quality Issue
1272,12006,408,2024-07-05,Customer Changed Mind
1273,12010,129,2025-05-19,Damaged
1274,12016,303,2024-12-10,Customer Changed Mind
1275,12039,353,2024-12-14,Customer Changed Mind
1276,12056,235,2023-05-22,Wrong Item
1277,12058,196,2025-09-30,Quality Issue
1278,12063,276,2026-01-07,Customer Changed Mind
1279,12090,113,2024-12-12,Customer Changed Mind
1280,12111,78,2024-03-06,Damaged
1281,12115,244,2024-02-06,Wrong Item
1282,12128,394,2023-08-08,Damaged
1283,12148,157,2025-04-16,Damaged
1284,12159,184,2023-06-18,Damaged
1285,12173,340,2023-04-01,Damaged
1286,12174,3,2024-01-03,Customer Changed Mind
1287,12181,225,2023-06-12,Damaged
1288,12194,7,2025-11-22,Customer Changed Mind
1289,12201,376,2023-05-14,Quality Issue
1290,12213,65,2024-04-27,Customer Changed Mind
1291,12217,251,2025-11-26,Quality Issue
1292,12232,180,2023-05-16,Damaged
1293,12263,339,2025-02-18,Customer Changed Mind
1294,12274,303,2024-10-28,Wrong Item
1295,12284,87,2023-10-10,Quality Issue
1296,12301,188,2024-07-11,Wrong Item
1297,12304,435,2025-02-15,Wrong Item
1298,12305,307,2025-03-21,Wrong Item
1299,12310,428,2024-09-17,Quality Issue
1300,12312,37,2024-03-23,Wrong Item
1301,12342,464,2024-10-04,Customer Changed Mind
1302,12358,281,2023-07-16,Quality Issue
1303,12360,211,2025-11-10,Wrong Item
1304,12366,321,2024-09-01,Damaged
1305,12369,249,2024-04-25,Customer Changed Mind
1306,12373,5,2024-05-04,Customer Changed Mind
1307,12385,432,2023-10-31,Damaged
1308,12391,122,2023-03-11,Wrong Item
1309,12393,68,2023-04-14,Damaged
1310,12416,411,2025-06-04,Damaged
1311,12432,390,2023-06-30,Damaged
1312,12439,2,2024-07-27,Customer Changed Mind
1313,12442,383,2024-12-25,Wrong Item
1314,12447,103,2025-10-27,Damaged
1315,12453,258,2024-04-29,Customer Changed Mind
1316,12479,170,2023-03-24,Customer Changed Mind
1317,12484,167,2024-10-05,Damaged
1318,12488,242,2024-04-01,Late Delivery
1319,12491,390,2024-02-07,Damaged
1320,12519,293,2023-04-16,Quality Issue
1321,12519,281,2023-04-14,Wrong Item
1322,12538,364,2023-07-12,Customer Changed Mind
1323,12555,315,2024-10-01,Quality Issue
1324,12559,1,2024-09-08,Customer Changed Mind
1325,12574,368,2023-01-16,Late Delivery
1326,12576,491,2023-05-18,Damaged
1327,12607,442,2025-12-24,Customer Changed Mind
1328,12612,325,2023-04-19,Late Delivery
1329,12620,426,2024-07-13,Late Delivery
1330,12638,215,2023-06-27,Wrong Item
1331,12642,467,2024-04-30,Quality Issue
1332,12645,457,2025-04-27,Customer Changed Mind
1333,12658,481,2024-11-13,Damaged
1334,12659,348,2023-10-27,Damaged
1335,12659,307,2023-10-22,Quality Issue
1336,12661,328,2026-01-16,Damaged
1337,12668,84,2024-10-23,Damaged
1338,12675,290,2025-03-17,Wrong Item
1339,12675,65,2025-03-30,Wrong Item
1340,12686,440,2024-05-19,Wrong Item
1341,12688,9,2025-08-10,Quality Issue
1342,12691,413,2024-02-25,Quality Issue
1343,12711,72,2024-11-21,Late Delivery
1344,12717,219,2025-09-11,Damaged
1345,12720,148,2023-06-03,Late Delivery
1346,12723,441,2023-10-13,Quality Issue
1347,12767,307,2025-02-15,Late Delivery
1348,12770,423,2025-05-02,Wrong Item
1349,12775,72,2023-08-24,Quality Issue
1350,12784,130,2023-06-22,Damaged
1351,12796,381,2025-01-09,Wrong Item
1352,12818,169,2025-04-15,Customer Changed Mind
1353,12839,329,2024-05-25,Customer Changed Mind
1354,12891,308,2025-05-16,Damaged
1355,12892,379,2023-07-07,Wrong Item
1356,12893,177,2024-01-31,Customer Changed Mind
1357,12893,310,2024-02-09,Damaged
1358,12896,280,2023-07-10,Customer Changed Mind
1359,12899,307,2024-01-16,Customer Changed Mind
1360,12914,202,2023-10-15,Wrong Item
1361,12932,39,2023-04-16,Quality Issue
1362,12932,417,2023-04-08,Customer Changed Mind
1363,12940,92,2023-08-23,Wrong Item
1364,12942,225,2025-01-04,Wrong Item
1365,12956,494,2025-01-14,Late Delivery
1366,12957,56,2024-05-21,Wrong Item
1367,12971,222,2026-01-10,Damaged
1368,12975,41,2023-03-22,Customer Changed Mind
1369,12995,305,2023-08-07,Damaged
1370,13008,440,2023-10-10,Late Delivery
1371,13035,292,2024-10-15,Damaged
1372,13036,434,2024-09-21,Damaged
1373,13037,91,2023-09-15,Damaged
1374,13038,266,2024-11-11,Damaged
1375,13040,332,2023-12-15,Damaged
1376,13045,479,2024-02-08,Customer Changed Mind
1377,13050,408,2024-04-22,Damaged
1378,13058,44,2023-06-14,Quality Issue
1379,13060,475,2023-05-25,Quality Issue
1380,13061,54,2023-11-23,Late Delivery
1381,13062,331,2025-12-12,Customer Changed Mind
1382,13075,290,2024-12-22,Customer Changed Mind
1383,13094,444,2025-09-15,Quality Issue
1384,13102,195,2024-03-15,Customer Changed Mind
1385,13108,144,2025-06-17,Quality Issue
1386,13112,343,2024-01-16,Late Delivery
1387,13112,125,2024-01-01,Customer Changed Mind
1388,13118,289,2023-03-17,Wrong Item
1389,13119,218,2024-09-15,Wrong Item
1390,13119,500,2024-09-24,Wrong Item
1391,13130,210,2024-11-23,Quality Issue
1392,13133,273,2024-05-07,Wrong Item
1393,13151,466,2025-08-21,Customer Changed Mind
1394,13159,190,2024-05-08,Wrong Item
1395,13173,173,2025-06-21,Damaged
1396,13180,26,2025-05-18,Wrong Item
1397,13181,405,2025-06-21,Damaged
1398,13194,112,2025-09-12,Wrong Item
1399,13213,285,2024-03-26,Quality Issue
1400,13213,389,2024-03-26,Wrong Item
1401,13219,347,2024-02-06,Late Delivery
1402,13220,136,2025-11-05,Damaged
1403,13234,29,2024-02-11,Quality Issue
1404,13256,89,2024-01-20,Wrong Item
1405,13273,55,2025-11-26,Quality Issue
1406,13275,327,2023-08-28,Customer Changed Mind
1407,13281,426,2025-05-12,Quality Issue
1408,13293,333,2025-07-03,Wrong Item
1409,13307,487,2024-01-30,Damaged
1410,13319,282,2025-03-08,Damaged
1411,13319,487,2025-03-09,Damaged
1412,13331,295,2023-07-14,Damaged
1413,13332,426,2024-04-15,Late Delivery
1414,13333,420,2023-02-22,Late Delivery
1415,13341,293,2024-05-03,Customer Changed Mind
1416,13351,190,2023-04-04,Late Delivery
1417,13355,53,2023-12-29,Customer Changed Mind
1418,13360,206,2023-05-20,Wrong Item
1419,13366,20,2024-11-16,Damaged
1420,13387,73,2024-01-01,Quality Issue
1421,13388,109,2025-10-14,Quality Issue
1422,13399,323,2023-09-16,Late Delivery
1423,13412,264,2024-04-26,Damaged
1424,13415,353,2024-02-02,Late Delivery
1425,13417,137,2025-06-15,Damaged
1426,13424,353,2025-04-02,Wrong Item
1427,13426,372,2023-05-29,Quality Issue
1428,13453,203,2023-09-17,Wrong Item
1429,13458,64,2023-07-18,Customer Changed Mind
1430,13461,387,2026-01-20,Wrong Item
1431,13475,218,2025-11-21,Wrong Item
1432,13475,53,2025-11-09,Wrong Item
1433,13478,500,2025-06-21,Wrong Item
1434,13482,458,2025-10-06,Wrong Item
1435,13508,72,2024-10-24,Damaged
1436,13513,116,2024-09-30,Customer Changed Mind
1437,13514,419,2025-07-12,Quality Issue
1438,13518,249,2025-02-19,Customer Changed Mind
1439,13522,20,2025-11-22,Customer Changed Mind
1440,13527,120,2025-07-29,Late Delivery
1441,13530,259,2024-09-10,Quality Issue
1442,13531,98,2025-10-15,Customer Changed Mind
1443,13538,9,2025-01-09,Quality Issue
1444,13550,143,2024-05-01,Customer Changed Mind
1445,13564,252,2024-06-04,Quality Issue
1446,13566,432,2023-10-15,Damaged
1447,13590,48,2025-01-03,Quality Issue
1448,13604,127,2023-06-06,Customer Changed Mind
1449,13608,310,2023-05-04,Damaged
1450,13646,254,2023-05-13,Late Delivery
1451,13650,22,2025-11-28,Quality Issue
1452,13653,305,2023-09-13,Quality Issue
1453,13656,231,2025-10-02,Wrong Item
1454,13684,478,2024-05-12,Wrong Item
1455,13688,171,2023-03-14,Late Delivery
1456,13697,22,2024-04-23,Damaged
1457,13698,320,2023-06-23,Quality Issue
1458,13712,361,2025-01-08,Late Delivery
1459,13713,352,2023-06-29,Customer Changed Mind
1460,13716,21,2024-11-28,Customer Changed Mind
1461,13722,48,2025-09-10,Wrong Item
1462,13723,104,2025-07-14,Customer Changed Mind
1463,13731,5,2024-02-11,Wrong Item
1464,13745,460,2023-04-15,Damaged
1465,13746,305,2025-12-20,Customer Changed Mind
1466,13780,396,2024-11-22,Quality Issue
1467,13805,225,2025-05-17,Wrong Item
1468,13806,210,2025-04-27,Wrong Item
1469,13819,98,2024-06-05,Late Delivery
1470,13836,194,2023-12-16,Damaged
1471,13845,379,2024-08-02,Wrong Item
1472,13856,364,2023-01-17,Damaged
1473,13860,409,2025-04-04,Wrong Item
1474,13864,276,2025-12-28,Quality Issue
1475,13867,101,2024-06-16,Wrong Item
1476,13877,383,2023-06-26,Damaged
1477,13900,166,2024-12-14,Customer Changed Mind
1478,13906,151,2023-02-07,Damaged
1479,13914,185,2023-12-04,Customer Changed Mind
1480,13916,87,2025-10-13,Damaged
1481,13933,317,2023-08-15,Quality Issue
1482,13944,112,2025-11-07,Late Delivery
1483,13968,351,2025-10-13,Quality Issue
1484,13977,317,2023-10-18,Customer Changed Mind
1485,13979,24,2024-07-09,Wrong Item
1486,13988,129,2025-11-09,Quality Issue
1487,13992,300,2023-04-08,Late Delivery
1488,13998,358,2025-09-17,Customer Changed Mind
1489,13999,192,2024-04-23,Damaged
1490,14001,253,2024-03-23,Customer Changed Mind
1491,14008,249,2025-07-20,Quality Issue
1492,14008,82,2025-08-02,Late Delivery
1493,14018,303,2025-10-04,Wrong Item
1494,14045,236,2025-09-23,Late Delivery
1495,14048,72,2024-06-10,Wrong Item
1496,14071,70,2024-04-24,Quality Issue
1497,14085,156,2023-11-18,Wrong Item
1498,14150,457,2024-01-11,Customer Changed Mind
1499,14156,264,2024-01-29,Damaged
1500,14166,413,2023-12-21,Wrong Item
1501,14168,479,2023-06-17,Damaged
1502,14169,54,2025-11-27,Customer Changed Mind
1503,14179,483,2023-04-29,Customer Changed Mind
1504,14190,456,2023-10-08,Customer Changed Mind
1505,14197,172,2025-11-26,Quality Issue
1506,14202,72,2023-09-23,Wrong Item
1507,14209,299,2025-11-14,Damaged
1508,14224,492,2023-05-13,Wrong Item
1509,14237,336,2025-01-13,Quality Issue
1510,14241,332,2024-02-03,Customer Changed Mind
1511,14247,3,2025-01-17,Wrong Item
1512,14254,192,2024-11-01,Late Delivery
1513,14262,87,2025-12-01,Damaged
1514,14279,12,2024-08-28,Wrong Item
1515,14281,497,2023-11-14,Damaged
1516,14291,371,2025-05-25,Damaged
1517,14296,483,2024-01-05,Customer Changed Mind
1518,14300,479,2024-06-18,Wrong Item
1519,14305,350,2024-07-24,Late Delivery
1520,14314,194,2023-11-14,Late Delivery
1521,14318,124,2024-11-17,Customer Changed Mind
1522,14320,175,2024-03-03,Damaged
1523,14327,183,2023-07-16,Customer Changed Mind
1524,14332,439,2023-08-06,Customer Changed Mind
1525,14333,194,2023-04-17,Late Delivery
1526,14337,198,2024-05-19,Quality Issue
1527,14340,471,2023-05-15,Customer Changed Mind
1528,14342,389,2025-06-02,Customer Changed Mind
1529,14346,351,2023-04-30,Wrong Item
1530,14368,204,2023-09-06,Customer Changed Mind
1531,14368,302,2023-10-01,Customer Changed Mind
1532,14376,192,2024-07-24,Wrong Item
1533,14379,313,2023-07-22,Quality Issue
1534,14384,113,2025-10-10,Quality Issue
1535,14390,242,2023-10-26,Customer Changed Mind
1536,14393,321,2025-08-28,Customer Changed Mind
1537,14395,110,2023-12-04,Customer Changed Mind
1538,14398,385,2024-05-07,Customer Changed Mind
1539,14399,482,2023-12-11,Customer Changed Mind
1540,14426,302,2023-05-12,Customer Changed Mind
1541,14429,346,2025-07-29,Customer Changed Mind
1542,14436,191,2024-12-30,Quality Issue
1543,14439,142,2025-09-28,Late Delivery
1544,14453,360,2024-04-03,Customer Changed Mind
1545,14472,368,2024-09-22,Customer Changed Mind
1546,14495,375,2026-01-04,Quality Issue
1547,14495,84,2026-01-04,Quality Issue
1548,14511,307,2026-01-02,Customer Changed Mind
1549,14513,249,2023-01-24,Quality Issue
1550,14559,80,2023-03-28,Damaged
1551,14559,84,2023-03-30,Wrong Item
1552,14565,140,2025-12-23,Quality Issue
1553,14576,489,2025-05-29,Quality Issue
1554,14586,77,2023-10-28,Customer Changed Mind
1555,14586,210,2023-11-09,Wrong Item
1556,14628,14,2024-05-31,Quality Issue
1557,14636,128,2024-01-05,Customer Changed Mind
1558,14636,95,2023-12-15,Late Delivery
1559,14639,230,2025-08-04,Late Delivery
1560,14641,334,2023-09-17,Damaged
1561,14645,73,2023-03-09,Wrong Item
1562,14689,30,2025-01-01,Customer Changed Mind
1563,14691,336,2025-07-15,Wrong Item
1564,14703,34,2025-06-29,Customer Changed Mind
1565,14710,410,2025-05-01,Customer Changed Mind
1566,14718,257,2025-06-30,Quality Issue
1567,14724,362,2025-08-24,Wrong Item
1568,14750,149,2025-05-06,Customer Changed Mind
1569,14769,161,2025-11-27,Late Delivery
1570,14781,472,2023-09-10,Late Delivery
1571,14783,467,2024-09-05,Wrong Item
1572,14784,39,2023-03-05,Quality Issue
1573,14804,113,2024-09-14,Wrong Item
1574,14813,256,2025-02-07,Customer Changed Mind
1575,14818,279,2023-10-13,Damaged
1576,14822,255,2023-09-09,Customer Changed Mind
1577,14834,373,2023-11-12,Wrong Item
1578,14841,45,2025-11-28,Quality Issue
1579,14856,405,2023-10-01,Wrong Item
1580,14861,292,2025-03-14,Damaged
1581,14863,383,2024-05-11,Customer Changed Mind
1582,14864,238,2024-10-20,Late Delivery
1583,14888,85,2024-07-01,Customer Changed Mind
1584,14896,426,2025-04-15,Wrong Item
1585,14903,308,2023-02-14,Damaged
1586,14906,452,2023-06-13,Late Delivery
1587,14912,202,2024-07-02,Wrong Item
1588,14925,238,2023-01-28,Late Delivery
1589,14925,298,2023-01-24,Customer Changed Mind
1590,14926,466,2023-07-06,Customer Changed Mind
1591,14950,419,2025-01-14,Wrong Item
1592,14972,257,2025-08-07,Customer Changed Mind
1593,14987,89,2025-09-15,Damaged
1594,14988,377,2025-02-12,Customer Changed Mind
1595,15003,353,2024-05-28,Customer Changed Mind
1596,15007,199,2024-10-21,Quality Issue
1597,15011,370,2025-05-04,Customer Changed Mind
1598,15018,456,2024-12-27,Late Delivery
1599,15024,28,2025-12-29,Late Delivery
1600,15031,155,2023-12-01,Wrong Item
1601,15036,223,2025-12-10,Late Delivery
1602,15047,160,2024-03-21,Damaged
1603,15051,345,2025-02-21,Customer Changed Mind
1604,15061,171,2024-10-29,Customer Changed Mind
1605,15065,58,2025-09-04,Damaged
1606,15084,72,2025-10-23,Wrong Item
1607,15088,166,2024-12-03,Damaged
1608,15104,212,2025-08-03,Damaged
1609,15107,169,2025-02-21,Customer Changed Mind
1610,15108,80,2024-09-21,Wrong Item
1611,15116,354,2023-02-03,Customer Changed Mind
1612,15141,216,2025-03-04,Wrong Item
1613,15144,230,2025-05-28,Damaged
1614,15168,7,2025-07-17,Late Delivery
1615,15169,458,2024-11-25,Late Delivery
1616,15169,8,2024-12-09,Customer Changed Mind
1617,15179,107,2025-03-16,Customer Changed Mind
1618,15185,267,2024-09-07,Damaged
1619,15201,215,2025-11-13,Customer Changed Mind
1620,15228,454,2025-10-06,Damaged
1621,15229,27,2023-11-10,Wrong Item
1622,15235,134,2025-08-20,Damaged
1623,15264,423,2025-10-04,Damaged
1624,15266,435,2023-06-30,Customer Changed Mind
1625,15281,442,2023-09-11,Quality Issue
1626,15294,157,2025-08-06,Damaged
1627,15299,252,2024-09-23,Late Delivery
1628,15316,441,2023-07-16,Customer Changed Mind
1629,15318,94,2023-03-04,Customer Changed Mind
1630,15324,277,2023-07-19,Wrong Item
1631,15328,163,2025-01-26,Quality Issue
1632,15344,238,2024-04-17,Late Delivery
1633,15348,377,2025-12-24,Customer Changed Mind
1634,15377,326,2024-08-22,Quality Issue
1635,15377,333,2024-09-07,Late Delivery
1636,15383,329,2024-05-20,Customer Changed Mind
1637,15386,294,2023-04-09,Customer Changed Mind
1638,15388,275,2024-04-16,Late Delivery
1639,15390,171,2025-01-19,Damaged
1640,15394,440,2023-05-30,Damaged
1641,15404,429,2025-11-28,Wrong Item
1642,15405,416,2024-08-15,Damaged
1643,15406,80,2024-10-14,Customer Changed Mind
1644,15417,361,2023-05-10,Customer Changed Mind
1645,15430,44,2023-04-29,Damaged
1646,15442,270,2025-10-17,Late Delivery
1647,15450,261,2025-12-31,Customer Changed Mind
1648,15465,385,2025-11-27,Customer Changed Mind
1649,15474,439,2024-02-29,Quality Issue
1650,15477,175,2025-07-01,Quality Issue
1651,15488,338,2024-05-29,Wrong Item
1652,15494,235,2023-08-24,Wrong Item
1653,15497,349,2025-10-14,Wrong Item
1654,15509,91,2023-09-08,Customer Changed Mind
1655,15511,97,2024-11-23,Damaged
1656,15515,39,2024-10-31,Late Delivery
1657,15539,308,2025-10-18,Damaged
1658,15541,303,2025-11-01,Customer Changed Mind
1659,15549,2,2025-08-04,Damaged
1660,15549,294,2025-07-30,Late Delivery
1661,15561,216,2024-06-25,Quality Issue
1662,15590,367,2025-02-03,Quality Issue
1663,15598,47,2023-07-28,Customer Changed Mind
1664,15601,348,2023-03-19,Damaged
1665,15602,443,2023-11-28,Wrong Item
1666,15606,371,2023-05-27,Damaged
1667,15617,428,2025-11-26,Damaged
1668,15681,490,2023-09-25,Damaged
1669,15692,317,2023-05-19,Wrong Item
1670,15692,118,2023-05-13,Customer Changed Mind
1671,15694,329,2025-10-31,Quality Issue
1672,15701,112,2025-09-05,Late Delivery
1673,15703,14,2025-04-19,Late Delivery
1674,15709,429,2025-12-04,Customer Changed Mind
1675,15717,117,2025-01-19,Damaged
1676,15719,105,2025-05-03,Quality Issue
1677,15729,264,2024-07-26,Late Delivery
1678,15731,235,2024-03-04,Quality Issue
1679,15735,61,2024-12-16,Quality Issue
1680,15762,491,2024-03-31,Damaged
1681,15765,407,2023-02-04,Damaged
1682,15772,214,2025-09-25,Customer Changed Mind
1683,15794,147,2025-05-08,Wrong Item
1684,15807,249,2023-03-16,Quality Issue
1685,15813,332,2025-01-04,Damaged
1686,15814,112,2023-10-25,Late Delivery
1687,15815,205,2025-10-13,Customer Changed Mind
1688,15821,378,2024-10-27,Customer Changed Mind
1689,15822,120,2025-02-06,Customer Changed Mind
1690,15862,260,2023-06-14,Damaged
1691,15872,59,2023-08-28,Customer Changed Mind
1692,15874,410,2023-10-04,Customer Changed Mind
1693,15880,186,2025-01-26,Quality Issue
1694,15893,57,2024-11-10,Quality Issue
1695,15894,98,2026-01-04,Customer Changed Mind
1696,15917,88,2024-10-23,Wrong Item
1697,15919,76,2025-02-04,Customer Changed Mind
1698,15924,402,2023-08-12,Quality Issue
1699,15928,480,2024-09-12,Customer Changed Mind
1700,15934,345,2024-03-18,Customer Changed Mind
1701,15949,10,2023-08-18,Late Delivery
1702,15949,402,2023-07-26,Quality Issue
1703,15951,448,2023-03-14,Late Delivery
1704,15984,153,2023-11-10,Damaged
1705,15990,31,2023-10-12,Wrong Item
1706,15992,13,2025-09-01,Customer Changed Mind
1707,16008,60,2025-05-23,Quality Issue
1708,16014,57,2024-03-17,Damaged
1709,16028,274,2025-10-02,Wrong Item
1710,16037,129,2023-12-13,Damaged
1711,16037,416,2023-12-11,Late Delivery
1712,16070,351,2025-11-09,Late Delivery
1713,16070,493,2025-10-28,Quality Issue
1714,16080,434,2024-07-27,Damaged
1715,16082,240,2025-05-20,Quality Issue
1716,16088,160,2025-10-04,Wrong Item
1717,16105,248,2023-03-16,Quality Issue
1718,16112,483,2024-04-22,Wrong Item
1719,16114,379,2025-09-17,Customer Changed Mind
1720,16129,322,2024-11-04,Customer Changed Mind
1721,16143,342,2024-08-14,Customer Changed Mind
1722,16153,283,2024-01-17,Damaged
1723,16164,298,2024-08-10,Customer Changed Mind
1724,16171,99,2023-04-15,Late Delivery
1725,16173,256,2024-03-07,Quality Issue
1726,16182,486,2023-07-16,Quality Issue
1727,16186,260,2023-08-20,Customer Changed Mind
1728,16196,201,2025-10-13,Customer Changed Mind
1729,16215,387,2023-06-12,Customer Changed Mind
1730,16224,112,2023-05-20,Damaged
1731,16235,425,2025-03-12,Quality Issue
1732,16256,237,2023-04-22,Customer Changed Mind
1733,16263,90,2023-03-27,Damaged
1734,16270,423,2024-02-04,Damaged
1735,16274,341,2025-04-20,Quality Issue
1736,16274,335,2025-05-01,Quality Issue
1737,16280,22,2025-05-12,Wrong Item
1738,16286,330,2025-06-10,Wrong Item
1739,16294,271,2023-03-06,Customer Changed Mind
1740,16297,112,2025-01-18,Damaged
1741,16300,231,2025-09-16,Damaged
1742,16308,349,2024-05-14,Late Delivery
1743,16324,321,2025-06-30,Wrong Item
1744,16327,85,2023-07-22,Quality Issue
1745,16337,242,2024-12-17,Damaged
1746,16353,3,2024-06-13,Quality Issue
1747,16360,311,2025-07-13,Quality Issue
1748,16362,367,2024-09-07,Customer Changed Mind
1749,16377,25,2023-11-28,Late Delivery
1750,16385,475,2024-09-03,Damaged
1751,16398,235,2023-09-26,Late Delivery
1752,16398,433,2023-09-16,Quality Issue
1753,16404,28,2023-06-13,Customer Changed Mind
1754,16434,102,2025-11-05,Wrong Item
1755,16438,111,2024-02-27,Customer Changed Mind
1756,16441,164,2024-11-06,Damaged
1757,16443,316,2024-02-11,Damaged
1758,16446,400,2023-12-16,Customer Changed Mind
1759,16457,248,2024-03-18,Customer Changed Mind
1760,16471,337,2025-12-09,Quality Issue
1761,16490,400,2023-06-04,Quality Issue
1762,16502,215,2025-07-03,Late Delivery
1763,16518,467,2025-09-01,Damaged
1764,16528,314,2024-08-23,Wrong Item
1765,16545,374,2025-01-21,Damaged
1766,16551,343,2025-09-14,Wrong Item
1767,16561,119,2024-05-09,Damaged
1768,16566,66,2025-01-27,Wrong Item
1769,16570,186,2024-10-10,Quality Issue
1770,16577,113,2024-03-23,Damaged
1771,16581,182,2023-11-28,Customer Changed Mind
1772,16584,361,2024-10-04,Customer Changed Mind
1773,16585,377,2023-05-29,Customer Changed Mind
1774,16585,276,2023-05-17,Quality Issue
1775,16597,275,2024-12-16,Late Delivery
1776,16608,418,2025-09-04,Customer Changed Mind
1777,16626,471,2025-12-05,Damaged
1778,16627,486,2025-01-09,Late Delivery
1779,16628,88,2024-12-14,Customer Changed Mind
1780,16631,461,2025-04-18,Quality Issue
1781,16632,429,2025-03-28,Quality Issue
1782,16640,150,2024-01-11,Late Delivery
1783,16641,154,2025-01-24,Quality Issue
1784,16653,107,2023-06-27,Customer Changed Mind
1785,16663,460,2024-03-17,Quality Issue
1786,16665,171,2025-12-07,Wrong Item
1787,16666,58,2024-06-13,Customer Changed Mind
1788,16670,17,2025-01-17,Damaged
1789,16683,249,2026-01-25,Customer Changed Mind
1790,16686,253,2023-12-25,Customer Changed Mind
1791,16689,216,2025-12-20,Quality Issue
1792,16696,131,2023-10-02,Damaged
1793,16717,27,2023-02-09,Damaged
1794,16722,292,2025-07-10,Damaged
1795,16730,102,2025-07-15,Damaged
1796,16751,39,2025-05-19,Late Delivery
1797,16758,32,2025-07-22,Damaged
1798,16780,311,2025-12-23,Wrong Item
1799,16782,1,2024-01-12,Quality Issue
1800,16803,184,2025-03-18,Damaged
1801,16811,318,2024-08-06,Damaged
1802,16816,182,2023-12-14,Wrong Item
1803,16834,494,2023-04-03,Wrong Item
1804,16840,60,2024-05-17,Damaged
1805,16857,447,2025-12-07,Damaged
1806,16874,417,2024-08-06,Quality Issue
1807,16881,125,2024-11-28,Damaged
1808,16892,272,2024-02-15,Quality Issue
1809,16916,29,2025-02-23,Wrong Item
1810,16933,223,2024-01-25,Quality Issue
1811,16934,277,2023-11-11,Damaged
1812,16945,415,2024-03-22,Quality Issue
1813,16958,7,2024-10-29,Customer Changed Mind
1814,16959,248,2025-12-02,Quality Issue
1815,16973,495,2025-11-09,Damaged
1816,16973,414,2025-11-01,Quality Issue
1817,17004,209,2024-11-09,Wrong Item
1818,17027,325,2025-11-07,Damaged
1819,17034,424,2023-04-05,Customer Changed Mind
1820,17042,156,2024-09-12,Damaged
1821,17058,159,2023-07-02,Damaged
1822,17059,321,2025-11-16,Quality Issue
1823,17086,285,2025-01-29,Damaged
1824,17095,286,2023-01-20,Wrong Item
1825,17098,388,2023-03-30,Quality Issue
1826,17103,308,2024-05-23,Damaged
1827,17112,208,2025-06-28,Late Delivery
1828,17118,272,2023-12-22,Wrong Item
1829,17134,9,2025-07-30,Customer Changed Mind
1830,17134,15,2025-08-17,Customer Changed Mind
1831,17136,151,2025-08-12,Damaged
1832,17165,358,2024-05-27,Wrong Item
1833,17166,494,2025-11-01,Wrong Item
1834,17179,361,2024-01-29,Wrong Item
1835,17198,298,2025-06-29,Late Delivery
1836,17202,446,2023-01-28,Customer Changed Mind
1837,17210,267,2025-07-07,Quality Issue
1838,17218,44,2023-05-29,Wrong Item
1839,17230,330,2023-12-22,Customer Changed Mind
1840,17230,396,2023-12-01,Customer Changed Mind
1841,17271,446,2025-04-23,Quality Issue
1842,17302,258,2024-03-30,Wrong Item
1843,17317,282,2025-03-15,Customer Changed Mind
1844,17321,276,2024-07-04,Damaged
1845,17341,148,2024-04-26,Damaged
1846,17345,105,2024-03-28,Wrong Item
1847,17351,92,2023-01-24,Quality Issue
1848,17363,109,2024-02-22,Customer Changed Mind
1849,17372,198,2024-10-04,Quality Issue
1850,17402,246,2023-04-29,Late Delivery
1851,17422,489,2023-11-04,Damaged
1852,17426,158,2023-04-07,Quality Issue
1853,17434,12,2023-01-23,Customer Changed Mind
1854,17435,403,2023-01-20,Customer Changed Mind
1855,17442,190,2024-08-01,Late Delivery
1856,17446,183,2025-10-08,Quality Issue
1857,17459,408,2025-12-30,Wrong Item
1858,17473,291,2024-11-20,Quality Issue
1859,17476,202,2025-07-09,Customer Changed Mind
1860,17500,76,2023-11-18,Quality Issue
1861,17500,381,2023-10-25,Wrong Item
1862,17505,164,2023-05-06,Wrong Item
1863,17507,493,2023-12-20,Damaged
1864,17508,12,2024-07-02,Customer Changed Mind
1865,17510,263,2023-03-19,Quality Issue
1866,17522,55,2024-03-22,Customer Changed Mind
1867,17530,71,2023-07-24,Late Delivery
1868,17532,89,2024-04-02,Damaged
1869,17539,108,2024-07-10,Late Delivery
1870,17562,43,2024-05-20,Damaged
1871,17576,68,2023-04-20,Wrong Item
1872,17577,256,2025-11-05,Customer Changed Mind
1873,17590,350,2023-07-01,Wrong Item
1874,17596,460,2025-01-20,Customer Changed Mind
1875,17610,434,2025-07-17,Wrong Item
1876,17622,8,2023-05-04,Wrong Item
1877,17631,324,2025-06-24,Quality Issue
1878,17636,459,2024-07-02,Quality Issue
1879,17642,305,2024-01-30,Quality Issue
1880,17644,64,2024-06-20,Quality Issue
1881,17647,227,2024-06-01,Late Delivery
1882,17655,278,2025-01-09,Late Delivery
1883,17673,70,2024-08-30,Customer Changed Mind
1884,17690,92,2025-11-24,Damaged
1885,17692,467,2025-04-22,Wrong Item
1886,17699,447,2025-12-07,Quality Issue
1887,17712,421,2024-01-21,Late Delivery
1888,17714,26,2024-10-13,Customer Changed Mind
1889,17721,150,2025-11-17,Customer Changed Mind
1890,17722,93,2025-03-31,Customer Changed Mind
1891,17725,230,2025-11-02,Wrong Item
1892,17731,386,2024-01-09,Wrong Item
1893,17765,164,2023-11-20,Wrong Item
1894,17771,223,2025-02-23,Damaged
1895,17811,146,2025-03-11,Wrong Item
1896,17835,216,2024-07-12,Customer Changed Mind
1897,17842,435,2023-05-29,Wrong Item
1898,17852,108,2023-10-19,Customer Changed Mind
1899,17855,12,2024-01-29,Wrong Item
1900,17860,266,2023-09-11,Quality Issue
1901,17864,242,2024-10-05,Wrong Item
1902,17868,295,2023-10-04,Wrong Item
1903,17897,129,2024-03-05,Wrong Item
1904,17900,167,2023-12-03,Damaged
1905,17923,104,2023-05-15,Wrong Item
1906,17927,283,2025-03-14,Quality Issue
1907,17934,54,2023-07-06,Wrong Item
1908,17938,465,2023-07-31,Damaged
1909,17952,153,2025-12-28,Customer Changed Mind
1910,17959,133,2024-10-01,Customer Changed Mind
1911,17966,388,2025-03-17,Damaged
1912,17972,256,2024-03-13,Damaged
1913,17975,74,2025-04-22,Late Delivery
1914,17977,198,2025-01-12,Wrong Item
1915,17990,401,2025-09-27,Damaged
1916,17997,198,2023-10-11,Wrong Item
1917,18013,186,2025-03-04,Wrong Item
1918,18013,224,2025-02-13,Wrong Item
1919,18016,301,2024-10-18,Customer Changed Mind
1920,18018,367,2023-11-12,Customer Changed Mind
1921,18023,39,2025-04-15,Customer Changed Mind
1922,18041,275,2025-07-29,Damaged
1923,18074,271,2025-06-13,Customer Changed Mind
1924,18082,437,2024-07-29,Customer Changed Mind
1925,18113,244,2024-01-01,Quality Issue
1926,18157,311,2025-01-13,Quality Issue
1927,18165,426,2024-08-03,Late Delivery
1928,18175,149,2025-05-24,Damaged
1929,18177,499,2023-11-17,Wrong Item
1930,18185,345,2026-01-08,Damaged
1931,18186,392,2023-03-07,Customer Changed Mind
1932,18187,81,2023-11-23,Quality Issue
1933,18195,93,2023-12-18,Customer Changed Mind
1934,18218,292,2025-12-07,Late Delivery
1935,18236,125,2024-04-30,Damaged
1936,18240,45,2023-06-04,Damaged
1937,18241,337,2024-10-11,Wrong Item
1938,18271,183,2025-11-14,Wrong Item
1939,18279,250,2025-09-06,Wrong Item
1940,18279,71,2025-08-25,Late Delivery
1941,18291,416,2025-06-05,Damaged
1942,18294,60,2023-11-15,Damaged
1943,18297,273,2025-10-04,Wrong Item
1944,18301,83,2024-03-31,Wrong Item
1945,18315,98,2024-03-10,Customer Changed Mind
1946,18326,393,2023-03-31,Wrong Item
1947,18339,396,2024-05-04,Quality Issue
1948,18351,196,2024-04-02,Quality Issue
1949,18366,199,2023-05-01,Customer Changed Mind
1950,18377,58,2023-02-28,Quality Issue
1951,18379,6,2024-02-03,Customer Changed Mind
1952,18449,116,2024-11-01,Late Delivery
1953,18459,255,2023-10-07,Damaged
1954,18502,370,2025-04-30,Quality Issue
1955,18528,458,2023-06-03,Wrong Item
1956,18532,308,2023-11-19,Customer Changed Mind
1957,18538,209,2023-05-07,Late Delivery
1958,18553,210,2023-07-31,Customer Changed Mind
1959,18554,199,2023-05-02,Wrong Item
1960,18568,2,2024-10-20,Late Delivery
1961,18569,280,2025-10-25,Quality Issue
1962,18577,62,2025-04-22,Damaged
1963,18592,49,2024-08-04,Late Delivery
1964,18601,164,2025-05-22,Quality Issue
1965,18616,177,2025-09-25,Customer Changed Mind
1966,18617,354,2023-08-26,Damaged
1967,18622,329,2025-12-02,Customer Changed Mind
1968,18634,428,2023-06-10,Quality Issue
1969,18634,17,2023-06-05,Customer Changed Mind
1970,18639,364,2025-03-17,Quality Issue
1971,18647,336,2025-01-28,Damaged
1972,18650,138,2024-10-15,Damaged
1973,18659,282,2024-06-26,Damaged
1974,18662,172,2024-12-28,Customer Changed Mind
1975,18665,409,2023-06-11,Late Delivery
1976,18673,65,2023-02-05,Damaged
1977,18684,363,2025-09-21,Late Delivery
1978,18705,11,2025-04-01,Damaged
1979,18715,231,2024-08-15,Customer Changed Mind
1980,18716,189,2023-01-30,Damaged
1981,18739,459,2025-10-20,Quality Issue
1982,18744,77,2025-10-03,Wrong Item
1983,18752,63,2023-10-02,Late Delivery
1984,18757,190,2025-07-29,Late Delivery
1985,18763,381,2024-03-20,Damaged
1986,18766,225,2024-11-02,Late Delivery
1987,18775,170,2025-10-06,Damaged
1988,18776,436,2025-10-23,Quality Issue
1989,18791,260,2023-06-06,Damaged
1990,18804,165,2024-03-18,Wrong Item
1991,18811,446,2023-12-01,Customer Changed Mind
1992,18829,417,2025-02-14,Late Delivery
1993,18830,186,2025-07-06,Wrong Item
1994,18839,215,2025-03-28,Quality Issue
1995,18852,476,2025-05-09,Customer Changed Mind
1996,18862,447,2023-02-17,Quality Issue
1997,18871,278,2023-12-03,Late Delivery
1998,18874,250,2024-05-12,Late Delivery
1999,18877,137,2025-11-27,Wrong Item
2000,18881,445,2024-11-15,Wrong Item
2001,18919,43,2023-03-11,Damaged
2002,18928,313,2025-03-29,Quality Issue
2003,18947,11,2025-12-30,Damaged
2004,18947,16,2025-12-20,Customer Changed Mind
2005,18953,27,2023-07-29,Customer Changed Mind
2006,18989,455,2025-08-21,Late Delivery
2007,18990,335,2023-02-26,Damaged
2008,18999,153,2024-12-10,Customer Changed Mind
2009,19003,180,2025-10-04,Quality Issue
2010,19019,429,2024-07-30,Late Delivery
2011,19021,31,2024-11-14,Wrong Item
2012,19027,324,2023-12-12,Wrong Item
2013,19031,150,2024-03-19,Quality Issue
2014,19079,152,2025-06-10,Quality Issue
2015,19080,49,2024-09-12,Damaged
2016,19095,7,2025-08-26,Late Delivery
2017,19110,315,2025-09-07,Damaged
2018,19128,7,2024-02-06,Wrong Item
2019,19134,61,2025-12-05,Wrong Item
2020,19151,473,2023-11-12,Quality Issue
2021,19154,480,2025-11-26,Late Delivery
2022,19161,442,2026-01-12,Customer Changed Mind
2023,19198,482,2023-05-31,Damaged
2024,19210,120,2025-10-05,Customer Changed Mind
2025,19223,483,2025-09-08,Quality Issue
2026,19248,399,2025-02-10,Quality Issue
2027,19254,50,2025-06-01,Damaged
2028,19259,186,2025-11-21,Late Delivery
2029,19282,450,2023-06-03,Damaged
2030,19282,426,2023-06-27,Quality Issue
2031,19303,500,2025-02-10,Quality Issue
2032,19312,116,2024-07-31,Quality Issue
2033,19322,498,2025-09-26,Quality Issue
2034,19328,7,2023-06-05,Quality Issue
2035,19328,233,2023-06-03,Quality Issue
2036,19348,162,2024-06-01,Wrong Item
2037,19364,301,2024-06-01,Wrong Item
2038,19365,451,2023-09-28,Customer Changed Mind
2039,19372,289,2023-03-27,Quality Issue
2040,19378,168,2024-07-26,Late Delivery
2041,19390,184,2025-08-08,Quality Issue
2042,19395,228,2024-10-01,Quality Issue
2043,19397,143,2023-01-19,Damaged
2044,19399,475,2023-02-20,Customer Changed Mind
2045,19402,398,2023-12-08,Damaged
2046,19409,340,2024-10-30,Damaged
2047,19416,164,2024-07-10,Quality Issue
2048,19426,499,2025-04-09,Damaged
2049,19428,211,2025-01-18,Late Delivery
2050,19433,267,2024-08-17,Customer Changed Mind
2051,19434,92,2023-08-07,Quality Issue
2052,19438,410,2025-07-29,Late Delivery
2053,19439,114,2023-12-04,Customer Changed Mind
2054,19488,399,2024-07-15,Quality Issue
2055,19493,122,2025-10-18,Damaged
2056,19510,383,2026-01-23,Customer Changed Mind
2057,19514,342,2025-07-03,Customer Changed Mind
2058,19539,398,2025-01-04,Wrong Item
2059,19542,415,2024-04-23,Damaged
2060,19546,362,2025-06-14,Customer Changed Mind
2061,19550,480,2023-08-27,Damaged
2062,19552,461,2023-08-15,Quality Issue
2063,19553,49,2023-02-20,Damaged
2064,19554,478,2024-05-15,Customer Changed Mind
2065,19559,321,2024-06-11,Customer Changed Mind
2066,19564,46,2025-06-29,Customer Changed Mind
2067,19570,231,2024-09-04,Customer Changed Mind
2068,19578,162,2025-11-22,Late Delivery
2069,19581,29,2025-01-29,Customer Changed Mind
2070,19598,481,2025-05-28,Late Delivery
2071,19600,331,2025-01-11,Quality Issue
2072,19617,236,2023-04-01,Quality Issue
2073,19629,119,2024-04-15,Customer Changed Mind
2074,19630,260,2024-03-24,Late Delivery
2075,19640,403,2025-12-22,Late Delivery
2076,19643,154,2025-03-17,Damaged
2077,19650,172,2023-03-06,Quality Issue
2078,19650,226,2023-02-22,Quality Issue
2079,19690,449,2023-07-14,Customer Changed Mind
2080,19692,143,2023-04-09,Customer Changed Mind
2081,19692,363,2023-04-22,Customer Changed Mind
2082,19720,139,2025-07-29,Damaged
2083,19735,92,2024-10-04,Customer Changed Mind
2084,19737,479,2024-03-20,Damaged
2085,19762,172,2023-10-25,Damaged
2086,19769,355,2023-06-19,Damaged
2087,19770,237,2025-08-27,Customer Changed Mind
2088,19786,245,2023-08-19,Damaged
2089,19800,84,2025-06-25,Customer Changed Mind
2090,19803,350,2025-12-23,Late Delivery
2091,19825,12,2024-07-28,Wrong Item
2092,19836,104,2025-02-12,Late Delivery
2093,19854,192,2025-08-09,Customer Changed Mind
2094,19859,149,2025-01-31,Damaged
2095,19860,408,2025-09-11,Quality Issue
2096,19874,154,2025-03-05,Wrong Item
2097,19885,94,2023-02-04,Quality Issue
2098,19892,249,2023-07-04,Customer Changed Mind
2099,19893,186,2023-03-13,Damaged
2100,19896,453,2024-04-29,Late Delivery
2101,19910,336,2023-10-26,Wrong Item
2102,19919,182,2024-02-23,Wrong Item
2103,19928,385,2025-07-26,Wrong Item
2104,19928,112,2025-07-20,Customer Changed Mind
2105,19930,448,2025-02-09,Quality Issue
2106,19946,276,2025-02-26,Quality Issue
2107,19956,44,2024-05-08,Damaged
2108,19963,253,2023-04-27,Customer Changed Mind
2109,19966,450,2023-02-23,Quality Issue
2110,19968,397,2024-08-27,Wrong Item
2111,19970,130,2025-04-27,Customer Changed Mind
2112,19980,105,2023-08-19,Customer Changed Mind
