store_id,store_name,city,state,region
1,Retail Hub - Bengaluru,Bengaluru,Karnataka,South
2,Retail Hub - Mysuru,Mysuru,Karnataka,South
3,Retail Hub - Mangaluru,Mangaluru,Karnataka,South
4,Retail Hub - Hubballi,Hubballi,Karnataka,South
5,Retail Hub - Chennai,Chennai,Tamil Nadu,South
6,Retail Hub - Hyderabad,Hyderabad,Telangana,South
7,Retail Hub - Mumbai,Mumbai,Maharashtra,West
8,Retail Hub - Pune,Pune,Maharashtra,West
9,Retail Hub - Ahmedabad,Ahmedabad,Gujarat,West
10,Retail Hub - Delhi,Delhi,Delhi,North
11,Retail Hub - Jaipur,Jaipur,Rajasthan,North
12,Retail Hub - Lucknow,Lucknow,Uttar Pradesh,North
13,Retail Hub - Kolkata,Kolkata,West Bengal,East
14,Retail Hub - Bhubaneswar,Bhubaneswar,Odisha,East
15,Retail Hub - Kochi,Kochi,Kerala,South
